{
  "Influx":
  {
    "Influx_db_API_token": "Pe02z9boybGTq0ruUUcRQYYBweY43ip64YjhHGETL9hXUB9VkUF6f8V_nM-VLUL2njZAUqkV3KKmeGgC2z8KAw==",
    "Influx_org":"EY",
    "Influx_bucket":"59830e07-71a6-4ff0-9531-1f9fc4813fe0",
    "Influx_url": "http://10.1.45.68:8086/",
    "Influx_RawMeasure": "RawData",
    "Influx_Tag": "Kepware",
    "batch_size": "10",
    "range": "-30d",
    "Influx_payload_ID":["deviceid","orgid","appid","msgid","latitude","longitude","location"],
    "Influx_Signals": [
    "ManufacturingSimulator.MotorA.temp",
    "ManufacturingSimulator.MotorA.speed",
    "ManufacturingSimulator.MotorA.rms_velocity_x",
    "ManufacturingSimulator.MotorA.rms_velocity_y",
    "ManufacturingSimulator.MotorA.rms_velocity_z",
    "ManufacturingSimulator.MotorA.rms_Acceleration_x",
    "ManufacturingSimulator.MotorA.rms_Acceleration_y",
    "ManufacturingSimulator.MotorA.rms_Acceleration_z"
    ],
    "Influx_ProcessMeasure" : "ProcessedData",
    "In_Warning_tag" : "Warning",
    "In_Critical_tag" : "Critical"
  },
  "Event": {
    "EVENT_HUB_CONN_STR": "Endpoint=sb://iothub-ns-ey-iot-hub-22950955-20efbdbdde.servicebus.windows.net/;SharedAccessKeyName=iothubowner;SharedAccessKey=plWGWZPJH2ym3LKIVfDiXjrITJrUQjS6SJsctH+KOto=;EntityPath=ey-iot-hub",
    "EVENTHUB_NAME": "ey-iot-hub"
  },
  "Email": {
    "Email_connection_string": "endpoint=https://endpoint-email.communication.azure.com/;accesskey=dX/DutuLyMye9zUOXoDd82FwB38zCXL98dcz7t5CaSJHsJkBvWd9hLFbuQQxIre5rmHN75iOMgJz8bKLMC/y5g==",
    "Email_Sender_Domain": "DoNotReply@b2c28962-a54a-4572-b5a7-d6aa099fa22b.azurecomm.net",
    "Email_Recipients": ["sakshi.bole@in.ey.com","edgepoc2022@gmail.com"],
    "Email_Enable": "Enable"
  },
  "Log": {
    "log_level":"20",
    "log_dir":"C:\\Users\\VU292FC\\OneDrive - EY\\Desktop\\Cloud Logs\\"
  },
  "OPC": {
    "sync_time": "60",
    "wait_time": "10"
  }
}