{
  "Influx": {
    "Influx_db_API_token": "7Jw0Ru6p6WNXBtZZq6WsvoFBHsDF5krFmcm-LHcl5ZgbyjYv1KiKi3ddRQKW12asW_R_DnXr3sGaIcDUMIxSbw==",
    "Influx_org":"aff2212f-8e4e-45cc-874b-0fdd78307b44",
    "Influx_bucket":"59830e07-71a6-4ff0-9531-1f9fc4813fe0",
    "Influx_url": "http://influxdb:8086",
    "Influx_RawMeasure": "RawData",
    "Influx_Tag": "Kepware",
    "batch_size": "1",
    "range": "-30d",
    "Influx_payload_ID": ["deviceid","orgid","appid","msgid","latitude","longitude","location","asset_name"],
    "Influx_ProcessMeasure" : "ProcessedData",
    "sync_field": "Synced",
    "In_MLHealth_Tag" : "MLHealth",
    "Assets": ["MotorA","Motor_ConveyorBelt","ID_Fan","Oil_Lubrication_Pump"]
  },
  "Log": {
    "log_level": "20",
    "log_dir": "C:\\Users\\VU292FC\\OneDrive - EY\\Desktop\\HealthModule\\"
  },
  "OPC": {
    "sync_time": "60",
    "wait_time": "10"
  }

}