{
  "annotations": {
    "list": [
      {
        "builtIn": 1,
        "datasource": {
          "type": "grafana",
          "uid": "-- Grafana --"
        },
        "enable": true,
        "hide": true,
        "iconColor": "rgba(0, 211, 255, 1)",
        "name": "Annotations & Alerts",
        "target": {
          "limit": 100,
          "matchAny": false,
          "tags": [],
          "type": "dashboard"
        },
        "type": "dashboard"
      }
    ]
  },
  "editable": true,
  "fiscalYearStartMonth": 0,
  "graphTooltip": 0,
  "id": 7,
  "links": [],
  "liveNow": false,
  "panels": [
    {
      "datasource": {
        "type": "influxdb",
        "uid": "7yZTjo2Vk"
      },
      "gridPos": {
        "h": 24,
        "w": 3,
        "x": 0,
        "y": 0
      },
      "id": 2,
      "options": {
        "code": {
          "language": "plaintext",
          "showLineNumbers": false,
          "showMiniMap": false
        },
        "content": "<div style=\"height:100%; background-color: #2e2e38;padding: 10px 10px;\">\n    <div style=\"width:7vw; margin:10px ; margin-left:20px;\">\n        <a style=\"color:white;font-size:11px ; text-align:center;\" target=\"_blank\" href=\"https://www.ey.com/en_us\" >\n        <img style=\"width:100%\" src=\"https://assets.ey.com/content/dam/ey-sites/ey-com/en_ph/generic/logos/ey-white-logo.png.rendition.900.600.png\" alt=\"EY Logo\" >\n        Condition Monitoring System\n    </a>\n    </div>\n    <div  style=\"margin-top:50px\">\n         <a href=\"http://10.1.45.71:3000/d/Zdnyae24z/landing?orgId=1\" >\n               <h6 style=\"margin-left:20px; color:white \">Home</h6></a>\n\n    </div>\n    <div  style=\"margin-top:20px\">\n                <div style=\"width:8px; height:30px; background-color:#FFE600\">\n                     <h6 style=\"white-space: nowrap;; margin-left:20px;padding-top:5px;color:white\">Asset&nbsp;Overview</h6>\n           \n</div>\n             </div>\n        <div  style=\"margin-top:20px\">\n          <a href=\"http://10.1.45.71:3000/d/Kj1IR-h4k/asset-overview?orgId=1&from=1673615015236&to=1673616678710\" >\n               <h6 style=\"margin-left:20px; color:white \">Alert Overview</h6></a>\n    </div>\n\n</div>",
        "mode": "html"
      },
      "pluginVersion": "9.3.2",
      "type": "text"
    },
    {
      "datasource": {
        "type": "influxdb",
        "uid": "7yZTjo2Vk"
      },
      "gridPos": {
        "h": 8,
        "w": 5,
        "x": 3,
        "y": 0
      },
      "id": 4,
      "options": {
        "code": {
          "language": "plaintext",
          "showLineNumbers": false,
          "showMiniMap": false
        },
        "content": "<div style=\"width:100%;height:100%\">\n <img style=\"width:100%;height:100%\" src=\"https://4.imimg.com/data4/WA/HO/MY-17550548/three-phase-electric-motor-500x500.jpg\" alt=\"Motor\" >\n</div>",
        "mode": "html"
      },
      "pluginVersion": "9.3.2",
      "type": "text"
    },
    {
      "datasource": {
        "type": "influxdb",
        "uid": "7yZTjo2Vk"
      },
      "gridPos": {
        "h": 2,
        "w": 1,
        "x": 8,
        "y": 0
      },
      "id": 24,
      "options": {
        "code": {
          "language": "plaintext",
          "showLineNumbers": false,
          "showMiniMap": false
        },
        "content": "<div style=\"width:100%\">\n<img src=\"https://icones.pro/wp-content/uploads/2022/02/icone-de-cloche-jaune.png\">\n</div>",
        "mode": "html"
      },
      "pluginVersion": "9.3.2",
      "type": "text"
    },
    {
      "datasource": {
        "type": "influxdb",
        "uid": "7yZTjo2Vk"
      },
      "fieldConfig": {
        "defaults": {
          "color": {
            "mode": "thresholds"
          },
          "mappings": [],
          "thresholds": {
            "mode": "absolute",
            "steps": [
              {
                "color": "green",
                "value": null
              }
            ]
          }
        },
        "overrides": [
          {
            "matcher": {
              "id": "byName",
              "options": "Health Index MLOutput"
            },
            "properties": [
              {
                "id": "mappings",
                "value": [
                  {
                    "options": {
                      "from": 0,
                      "result": {
                        "color": "green",
                        "index": 1,
                        "text": "Good"
                      },
                      "to": 0.5
                    },
                    "type": "range"
                  },
                  {
                    "options": {
                      "from": 0.6,
                      "result": {
                        "color": "yellow",
                        "index": 2,
                        "text": "Satisfactory"
                      },
                      "to": 1.5
                    },
                    "type": "range"
                  },
                  {
                    "options": {
                      "from": 1.6,
                      "result": {
                        "color": "super-light-red",
                        "index": 3,
                        "text": "Unsatisfactory"
                      },
                      "to": 2.5
                    },
                    "type": "range"
                  },
                  {
                    "options": {
                      "from": 2.6,
                      "result": {
                        "color": "semi-dark-red",
                        "index": 4,
                        "text": "Unacceptable"
                      },
                      "to": 6
                    },
                    "type": "range"
                  }
                ]
              }
            ]
          }
        ]
      },
      "gridPos": {
        "h": 2,
        "w": 3,
        "x": 9,
        "y": 0
      },
      "id": 38,
      "options": {
        "colorMode": "value",
        "graphMode": "area",
        "justifyMode": "auto",
        "orientation": "auto",
        "reduceOptions": {
          "calcs": [
            "lastNotNull"
          ],
          "fields": "/^Health Index MLOutput$/",
          "values": false
        },
        "textMode": "value"
      },
      "pluginVersion": "9.3.2",
      "targets": [
        {
          "datasource": {
            "type": "influxdb",
            "uid": "7yZTjo2Vk"
          },
          "query": "from(bucket: \"59830e07-71a6-4ff0-9531-1f9fc4813fe0\")\r\n  |> range(start: v.timeRangeStart, stop: v.timeRangeStop)\r\n  |> filter(fn: (r) => r[\"_measurement\"] == \"ProcessedData\")\r\n  |> filter(fn: (r) => r[\"Logic\"] == \"MLOutput\")\r\n  |> filter(fn: (r) => r[\"_field\"] == \"Health Index\")\r\n  |> sort(columns: [\"_time\"], desc: true)  \r\n  |>limit(n:1)",
          "refId": "A"
        }
      ],
      "title": "Health Status",
      "type": "stat"
    },
    {
      "datasource": {
        "type": "influxdb",
        "uid": "7yZTjo2Vk"
      },
      "fieldConfig": {
        "defaults": {
          "color": {
            "mode": "thresholds"
          },
          "mappings": [],
          "thresholds": {
            "mode": "absolute",
            "steps": [
              {
                "color": "text",
                "value": null
              },
              {
                "color": "red",
                "value": 80
              }
            ]
          }
        },
        "overrides": [
          {
            "matcher": {
              "id": "byRegexp",
              "options": "^.*War.*$"
            },
            "properties": [
              {
                "id": "displayName",
                "value": "Warning"
              }
            ]
          },
          {
            "matcher": {
              "id": "byRegexp",
              "options": "^.*Cri.*$"
            },
            "properties": [
              {
                "id": "displayName",
                "value": "Critical"
              }
            ]
          },
          {
            "matcher": {
              "id": "byRegexp",
              "options": "^.*start.*$"
            },
            "properties": [
              {
                "id": "displayName",
                "value": "Total Alerts"
              }
            ]
          }
        ]
      },
      "gridPos": {
        "h": 1,
        "w": 12,
        "x": 12,
        "y": 0
      },
      "id": 22,
      "options": {
        "colorMode": "value",
        "graphMode": "area",
        "justifyMode": "auto",
        "orientation": "auto",
        "reduceOptions": {
          "calcs": [
            "lastNotNull"
          ],
          "fields": "/.*/",
          "values": false
        },
        "text": {
          "valueSize": 15
        },
        "textMode": "name"
      },
      "pluginVersion": "9.3.2",
      "targets": [
        {
          "datasource": {
            "type": "influxdb",
            "uid": "7yZTjo2Vk"
          },
          "query": "t1=from(bucket: \"59830e07-71a6-4ff0-9531-1f9fc4813fe0\")\r\n  |> range(start: v.timeRangeStart, stop: v.timeRangeStop)\r\n  |> filter(fn: (r) => r[\"_measurement\"] == \"ProcessedData\")\r\n  |> filter(fn: (r) => r[\"_field\"] == \"AlertPropertyValue\")\r\n|>count()\r\n  |> keep(columns: [\"_value\", \"Logic\"])  \r\n\r\n\r\nt2=from(bucket: \"59830e07-71a6-4ff0-9531-1f9fc4813fe0\")\r\n  |> range(start: v.timeRangeStart, stop: v.timeRangeStop)\r\n  |> filter(fn: (r) => r[\"_measurement\"] == \"ProcessedData\")\r\n  |> filter(fn: (r) => r[\"_field\"] == \"AlertPropertyValue\")\r\n|>group() \r\n  |>count()\r\nunion(tables: [t1, t2])\r\n",
          "refId": "A"
        }
      ],
      "transformations": [],
      "type": "stat"
    },
    {
      "datasource": {
        "type": "influxdb",
        "uid": "7yZTjo2Vk"
      },
      "fieldConfig": {
        "defaults": {
          "color": {
            "mode": "thresholds"
          },
          "mappings": [],
          "thresholds": {
            "mode": "absolute",
            "steps": [
              {
                "color": "text",
                "value": null
              },
              {
                "color": "red",
                "value": 80
              }
            ]
          }
        },
        "overrides": []
      },
      "gridPos": {
        "h": 1,
        "w": 12,
        "x": 12,
        "y": 1
      },
      "id": 20,
      "options": {
        "colorMode": "value",
        "graphMode": "area",
        "justifyMode": "auto",
        "orientation": "auto",
        "reduceOptions": {
          "calcs": [
            "lastNotNull"
          ],
          "fields": "",
          "values": false
        },
        "text": {
          "valueSize": 15
        },
        "textMode": "value"
      },
      "pluginVersion": "9.3.2",
      "targets": [
        {
          "datasource": {
            "type": "influxdb",
            "uid": "7yZTjo2Vk"
          },
          "query": "t1=from(bucket: \"59830e07-71a6-4ff0-9531-1f9fc4813fe0\")\r\n  |> range(start: v.timeRangeStart, stop: v.timeRangeStop)\r\n  |> filter(fn: (r) => r[\"_measurement\"] == \"ProcessedData\")\r\n  |> filter(fn: (r) => r[\"_field\"] == \"AlertPropertyValue\")\r\n|>count()\r\n\r\nt2=from(bucket: \"59830e07-71a6-4ff0-9531-1f9fc4813fe0\")\r\n  |> range(start: v.timeRangeStart, stop: v.timeRangeStop)\r\n  |> filter(fn: (r) => r[\"_measurement\"] == \"ProcessedData\")\r\n  |> filter(fn: (r) => r[\"_field\"] == \"AlertPropertyValue\")\r\n|>group()\r\n|>count()\r\n\r\nunion(tables: [t1, t2])",
          "refId": "A"
        }
      ],
      "type": "stat"
    },
    {
      "datasource": {
        "type": "influxdb",
        "uid": "7yZTjo2Vk"
      },
      "fieldConfig": {
        "defaults": {
          "color": {
            "mode": "thresholds"
          },
          "mappings": [],
          "max": 450,
          "min": 150,
          "thresholds": {
            "mode": "absolute",
            "steps": [
              {
                "color": "green",
                "value": null
              },
              {
                "color": "yellow",
                "value": 250
              },
              {
                "color": "red",
                "value": 320
              }
            ]
          }
        },
        "overrides": [
          {
            "matcher": {
              "id": "byName",
              "options": "ManufacturingSimulator.MotorA.rms_Acceleration_x Kepware"
            },
            "properties": [
              {
                "id": "displayName",
                "value": "X"
              }
            ]
          },
          {
            "matcher": {
              "id": "byName",
              "options": "ManufacturingSimulator.MotorA.rms_Acceleration_y Kepware"
            },
            "properties": [
              {
                "id": "displayName",
                "value": "Y"
              }
            ]
          },
          {
            "matcher": {
              "id": "byName",
              "options": "ManufacturingSimulator.MotorA.rms_Acceleration_z Kepware"
            },
            "properties": [
              {
                "id": "displayName",
                "value": "Z"
              }
            ]
          }
        ]
      },
      "gridPos": {
        "h": 7,
        "w": 8,
        "x": 8,
        "y": 2
      },
      "id": 28,
      "options": {
        "orientation": "auto",
        "reduceOptions": {
          "calcs": [
            "lastNotNull"
          ],
          "fields": "",
          "values": false
        },
        "showThresholdLabels": true,
        "showThresholdMarkers": true
      },
      "pluginVersion": "9.3.2",
      "targets": [
        {
          "datasource": {
            "type": "influxdb",
            "uid": "7yZTjo2Vk"
          },
          "query": "from(bucket: \"59830e07-71a6-4ff0-9531-1f9fc4813fe0\")\r\n  |> range(start: v.timeRangeStart, stop: v.timeRangeStop)\r\n  |> filter(fn: (r) => r[\"_measurement\"] == \"RawData\")\r\n  |> filter(fn: (r) => r[\"DataSource\"] == \"Kepware\")\r\n  |> filter(fn: (r) => r[\"_field\"] == \"ManufacturingSimulator.MotorA.rms_Acceleration_x\" or r[\"_field\"] == \"ManufacturingSimulator.MotorA.rms_Acceleration_y\" or r[\"_field\"] == \"ManufacturingSimulator.MotorA.rms_Acceleration_z\" )\r\n  |> sort(columns: [\"_time\"], desc: false)\r\n  ",
          "refId": "A"
        }
      ],
      "title": "Acceleration(mm/s2)",
      "type": "gauge"
    },
    {
      "datasource": {
        "type": "influxdb",
        "uid": "7yZTjo2Vk"
      },
      "description": "",
      "fieldConfig": {
        "defaults": {
          "color": {
            "mode": "thresholds"
          },
          "mappings": [],
          "max": 25,
          "min": 7,
          "thresholds": {
            "mode": "absolute",
            "steps": [
              {
                "color": "green",
                "value": null
              },
              {
                "color": "#EAB839",
                "value": 11.2
              },
              {
                "color": "red",
                "value": 18
              }
            ]
          }
        },
        "overrides": [
          {
            "matcher": {
              "id": "byName",
              "options": "ManufacturingSimulator.MotorA.rms_velocity_x Kepware"
            },
            "properties": [
              {
                "id": "displayName",
                "value": "X"
              }
            ]
          },
          {
            "matcher": {
              "id": "byName",
              "options": "ManufacturingSimulator.MotorA.rms_velocity_y Kepware"
            },
            "properties": [
              {
                "id": "displayName",
                "value": "Y"
              }
            ]
          },
          {
            "matcher": {
              "id": "byName",
              "options": "ManufacturingSimulator.MotorA.rms_velocity_z Kepware"
            },
            "properties": [
              {
                "id": "displayName",
                "value": "Z"
              }
            ]
          }
        ]
      },
      "gridPos": {
        "h": 7,
        "w": 8,
        "x": 16,
        "y": 2
      },
      "id": 30,
      "options": {
        "orientation": "auto",
        "reduceOptions": {
          "calcs": [
            "lastNotNull"
          ],
          "fields": "",
          "values": false
        },
        "showThresholdLabels": true,
        "showThresholdMarkers": true
      },
      "pluginVersion": "9.3.2",
      "targets": [
        {
          "datasource": {
            "type": "influxdb",
            "uid": "7yZTjo2Vk"
          },
          "query": "from(bucket: \"59830e07-71a6-4ff0-9531-1f9fc4813fe0\")\r\n  |> range(start: v.timeRangeStart, stop: v.timeRangeStop)\r\n  |> filter(fn: (r) => r[\"_measurement\"] == \"RawData\")\r\n  |> filter(fn: (r) => r[\"DataSource\"] == \"Kepware\")\r\n  |> filter(fn: (r) => r[\"_field\"] == \"ManufacturingSimulator.MotorA.rms_velocity_x\" or r[\"_field\"] == \"ManufacturingSimulator.MotorA.rms_velocity_y\" or r[\"_field\"] == \"ManufacturingSimulator.MotorA.rms_velocity_z\" )\r\n",
          "refId": "A"
        }
      ],
      "title": "Velocity(mm/s)",
      "type": "gauge"
    },
    {
      "datasource": {
        "type": "influxdb",
        "uid": "7yZTjo2Vk"
      },
      "gridPos": {
        "h": 1,
        "w": 1,
        "x": 3,
        "y": 8
      },
      "id": 6,
      "options": {
        "code": {
          "language": "plaintext",
          "showLineNumbers": false,
          "showMiniMap": false
        },
        "content": "<div style=\"width:100%;text-align:center\">\n  <div style=\"margin-left:12px;margin-top:1px;background-color:green;width:10px;height:10px; border-radius:100%\">\n  </div>\n<div>",
        "mode": "html"
      },
      "pluginVersion": "9.3.2",
      "type": "text"
    },
    {
      "datasource": {
        "type": "influxdb",
        "uid": "7yZTjo2Vk"
      },
      "fieldConfig": {
        "defaults": {
          "color": {
            "mode": "thresholds"
          },
          "mappings": [
            {
              "options": {
                "1": {
                  "index": 0,
                  "text": "Running"
                }
              },
              "type": "value"
            }
          ],
          "noValue": "Offline",
          "thresholds": {
            "mode": "absolute",
            "steps": [
              {
                "color": "green",
                "value": null
              },
              {
                "color": "red",
                "value": 80
              }
            ]
          }
        },
        "overrides": []
      },
      "gridPos": {
        "h": 1,
        "w": 4,
        "x": 4,
        "y": 8
      },
      "id": 8,
      "options": {
        "colorMode": "value",
        "graphMode": "area",
        "justifyMode": "center",
        "orientation": "auto",
        "reduceOptions": {
          "calcs": [
            "lastNotNull"
          ],
          "fields": "",
          "values": false
        },
        "text": {
          "valueSize": 15
        },
        "textMode": "value"
      },
      "pluginVersion": "9.3.2",
      "targets": [
        {
          "datasource": {
            "type": "influxdb",
            "uid": "7yZTjo2Vk"
          },
          "query": "from(bucket: \"59830e07-71a6-4ff0-9531-1f9fc4813fe0\")\r\n  |> range(start: v.timeRangeStart, stop: v.timeRangeStop)\r\n  |> filter(fn: (r) => r[\"_measurement\"] == \"ProcessedData\")\r\n  |> filter(fn: (r) => r[\"_field\"] == \"RunningStatus\" )\r\n  |> filter(fn: (r) => r[\"_value\"] == 1 )\r\n  |>unique()\r\n  |>count()\r\n",
          "refId": "A"
        }
      ],
      "type": "stat"
    },
    {
      "datasource": {
        "type": "influxdb",
        "uid": "7yZTjo2Vk"
      },
      "fieldConfig": {
        "defaults": {
          "color": {
            "mode": "palette-classic"
          },
          "custom": {
            "axisCenteredZero": false,
            "axisColorMode": "text",
            "axisLabel": "",
            "axisPlacement": "auto",
            "barAlignment": 0,
            "drawStyle": "line",
            "fillOpacity": 0,
            "gradientMode": "none",
            "hideFrom": {
              "legend": false,
              "tooltip": false,
              "viz": false
            },
            "lineInterpolation": "smooth",
            "lineWidth": 1,
            "pointSize": 5,
            "scaleDistribution": {
              "type": "linear"
            },
            "showPoints": "auto",
            "spanNulls": false,
            "stacking": {
              "group": "A",
              "mode": "none"
            },
            "thresholdsStyle": {
              "mode": "off"
            }
          },
          "mappings": [],
          "thresholds": {
            "mode": "absolute",
            "steps": [
              {
                "color": "green",
                "value": null
              },
              {
                "color": "red",
                "value": 80
              }
            ]
          }
        },
        "overrides": [
          {
            "matcher": {
              "id": "byName",
              "options": "ManufacturingSimulator.MotorA.rms_Acceleration_x Kepware"
            },
            "properties": [
              {
                "id": "displayName",
                "value": "Acceleration_x"
              }
            ]
          },
          {
            "matcher": {
              "id": "byName",
              "options": "ManufacturingSimulator.MotorA.rms_Acceleration_y Kepware"
            },
            "properties": [
              {
                "id": "displayName",
                "value": "Acceleration_Y"
              }
            ]
          },
          {
            "matcher": {
              "id": "byName",
              "options": "ManufacturingSimulator.MotorA.rms_Acceleration_z Kepware"
            },
            "properties": [
              {
                "id": "displayName",
                "value": "Acceleration_Z"
              }
            ]
          },
          {
            "matcher": {
              "id": "byName",
              "options": "ManufacturingSimulator.MotorA.rms_velocity_x Kepware"
            },
            "properties": [
              {
                "id": "displayName",
                "value": "Velocity_x"
              }
            ]
          },
          {
            "matcher": {
              "id": "byName",
              "options": "ManufacturingSimulator.MotorA.rms_velocity_y Kepware"
            },
            "properties": [
              {
                "id": "displayName",
                "value": "Velocity_Y"
              }
            ]
          },
          {
            "matcher": {
              "id": "byName",
              "options": "ManufacturingSimulator.MotorA.rms_velocity_z Kepware"
            },
            "properties": [
              {
                "id": "displayName",
                "value": "Velocity_Z"
              }
            ]
          },
          {
            "matcher": {
              "id": "byName",
              "options": "ManufacturingSimulator.MotorA.speed Kepware"
            },
            "properties": [
              {
                "id": "displayName",
                "value": "Speed"
              }
            ]
          },
          {
            "matcher": {
              "id": "byName",
              "options": "ManufacturingSimulator.MotorA.temp"
            },
            "properties": [
              {
                "id": "displayName",
                "value": "Temperature"
              }
            ]
          },
          {
            "__systemRef": "hideSeriesFrom",
            "matcher": {
              "id": "byNames",
              "options": {
                "mode": "exclude",
                "names": [
                  "Velocity_Y",
                  "Acceleration_x",
                  "Acceleration_Y",
                  "Acceleration_Z",
                  "Velocity_x"
                ],
                "prefix": "All except:",
                "readOnly": true
              }
            },
            "properties": [
              {
                "id": "custom.hideFrom",
                "value": {
                  "legend": false,
                  "tooltip": false,
                  "viz": true
                }
              }
            ]
          }
        ]
      },
      "gridPos": {
        "h": 15,
        "w": 16,
        "x": 3,
        "y": 9
      },
      "id": 26,
      "options": {
        "legend": {
          "calcs": [],
          "displayMode": "list",
          "placement": "bottom",
          "showLegend": true
        },
        "tooltip": {
          "mode": "single",
          "sort": "none"
        }
      },
      "targets": [
        {
          "datasource": {
            "type": "influxdb",
            "uid": "7yZTjo2Vk"
          },
          "query": "from(bucket: \"59830e07-71a6-4ff0-9531-1f9fc4813fe0\")\r\n  |> range(start: v.timeRangeStart, stop: v.timeRangeStop)\r\n  |> filter(fn: (r) => r[\"_measurement\"] == \"RawData\")\r\n  |> filter(fn: (r) => r[\"DataSource\"] == \"Kepware\")\r\n  |> filter(fn: (r) => r[\"_field\"] == \"ManufacturingSimulator.MotorA.rms_Acceleration_x\" or r[\"_field\"] == \"ManufacturingSimulator.MotorA.rms_Acceleration_y\" or r[\"_field\"] == \"ManufacturingSimulator.MotorA.rms_Acceleration_z\" or r[\"_field\"] == \"ManufacturingSimulator.MotorA.rms_velocity_x\" or r[\"_field\"] == \"ManufacturingSimulator.MotorA.rms_velocity_y\" or r[\"_field\"] == \"ManufacturingSimulator.MotorA.rms_velocity_z\" or r[\"_field\"] == \"ManufacturingSimulator.MotorA.speed\" or r[\"_field\"] == \"ManufacturingSimulator.MotorA.temp\")\r\n",
          "refId": "A"
        }
      ],
      "title": "Trends",
      "type": "timeseries"
    },
    {
      "datasource": {
        "type": "influxdb",
        "uid": "7yZTjo2Vk"
      },
      "fieldConfig": {
        "defaults": {
          "color": {
            "mode": "thresholds"
          },
          "mappings": [],
          "max": 80,
          "min": 40,
          "thresholds": {
            "mode": "absolute",
            "steps": [
              {
                "color": "green",
                "value": null
              },
              {
                "color": "#EAB839",
                "value": 50
              },
              {
                "color": "red",
                "value": 60
              }
            ]
          }
        },
        "overrides": [
          {
            "matcher": {
              "id": "byName",
              "options": "ManufacturingSimulator.MotorA.temp Kepware"
            },
            "properties": [
              {
                "id": "unit",
                "value": "celsius"
              }
            ]
          }
        ]
      },
      "gridPos": {
        "h": 5,
        "w": 5,
        "x": 19,
        "y": 9
      },
      "id": 36,
      "options": {
        "orientation": "auto",
        "reduceOptions": {
          "calcs": [
            "lastNotNull"
          ],
          "fields": "",
          "values": false
        },
        "showThresholdLabels": true,
        "showThresholdMarkers": true
      },
      "pluginVersion": "9.3.2",
      "targets": [
        {
          "datasource": {
            "type": "influxdb",
            "uid": "7yZTjo2Vk"
          },
          "query": "from(bucket: \"59830e07-71a6-4ff0-9531-1f9fc4813fe0\")\r\n  |> range(start: v.timeRangeStart, stop: v.timeRangeStop)\r\n  |> filter(fn: (r) => r[\"_measurement\"] == \"RawData\")\r\n  |> filter(fn: (r) => r[\"DataSource\"] == \"Kepware\")\r\n  |> filter(fn: (r) => r[\"_field\"] == \"ManufacturingSimulator.MotorA.temp\" )\r\n  |> sort(columns: [\"_time\"], desc: false)\r\n  ",
          "refId": "A"
        }
      ],
      "title": "Temperature",
      "type": "gauge"
    },
    {
      "datasource": {
        "type": "influxdb",
        "uid": "7yZTjo2Vk"
      },
      "fieldConfig": {
        "defaults": {
          "color": {
            "mode": "thresholds"
          },
          "mappings": [],
          "thresholds": {
            "mode": "absolute",
            "steps": [
              {
                "color": "text",
                "value": null
              }
            ]
          }
        },
        "overrides": [
          {
            "matcher": {
              "id": "byName",
              "options": "_value"
            },
            "properties": [
              {
                "id": "unit",
                "value": "m"
              },
              {
                "id": "displayName",
                "value": "Running Time"
              }
            ]
          }
        ]
      },
      "gridPos": {
        "h": 5,
        "w": 5,
        "x": 19,
        "y": 14
      },
      "id": 32,
      "options": {
        "colorMode": "value",
        "graphMode": "area",
        "justifyMode": "auto",
        "orientation": "auto",
        "reduceOptions": {
          "calcs": [
            "lastNotNull"
          ],
          "fields": "",
          "values": false
        },
        "text": {},
        "textMode": "value"
      },
      "pluginVersion": "9.3.2",
      "targets": [
        {
          "datasource": {
            "type": "influxdb",
            "uid": "7yZTjo2Vk"
          },
          "query": "from(bucket: \"59830e07-71a6-4ff0-9531-1f9fc4813fe0\")\r\n  |> range(start: v.timeRangeStart, stop: v.timeRangeStop)\r\n  |> filter(fn: (r) => r[\"_measurement\"] == \"ProcessedData\")\r\n  |> filter(fn: (r) => r[\"Logic\"] == \"RunStatus\")\r\n  |> filter(fn: (r) => r[\"_field\"] == \"RunningStatus\")\r\n|>count()\r\n",
          "refId": "A"
        }
      ],
      "title": "Running Time",
      "type": "stat"
    },
    {
      "datasource": {
        "type": "influxdb",
        "uid": "7yZTjo2Vk"
      },
      "description": "",
      "fieldConfig": {
        "defaults": {
          "color": {
            "mode": "thresholds"
          },
          "mappings": [],
          "thresholds": {
            "mode": "absolute",
            "steps": [
              {
                "color": "text",
                "value": null
              }
            ]
          }
        },
        "overrides": [
          {
            "matcher": {
              "id": "byName",
              "options": "_value"
            },
            "properties": [
              {
                "id": "displayName",
                "value": "Motor RPM"
              },
              {
                "id": "unit",
                "value": "rotrpm"
              }
            ]
          }
        ]
      },
      "gridPos": {
        "h": 5,
        "w": 5,
        "x": 19,
        "y": 19
      },
      "id": 34,
      "options": {
        "colorMode": "value",
        "graphMode": "none",
        "justifyMode": "auto",
        "orientation": "auto",
        "reduceOptions": {
          "calcs": [
            "lastNotNull"
          ],
          "fields": "/.*/",
          "values": false
        },
        "text": {},
        "textMode": "value"
      },
      "pluginVersion": "9.3.2",
      "targets": [
        {
          "datasource": {
            "type": "influxdb",
            "uid": "7yZTjo2Vk"
          },
          "query": "from(bucket: \"59830e07-71a6-4ff0-9531-1f9fc4813fe0\")\r\n  |> range(start: v.timeRangeStart, stop: v.timeRangeStop)\r\n  |> filter(fn: (r) => r[\"_measurement\"] == \"RawData\")\r\n  |> filter(fn: (r) => r[\"DataSource\"] == \"Kepware\")\r\n  |> filter(fn: (r) => r[\"_field\"] == \"ManufacturingSimulator.MotorA.speed\")\r\n  |> sort(columns: [\"_time\"], desc: true)\r\n  |>limit(n:1)\r\n  |> drop(columns: [\"_time\"])\r\n",
          "refId": "A"
        }
      ],
      "title": "Motor",
      "type": "stat"
    }
  ],
  "refresh": false,
  "schemaVersion": 37,
  "style": "dark",
  "tags": [],
  "templating": {
    "list": []
  },
  "time": {
    "from": "2023-01-17T04:48:02.001Z",
    "to": "2023-01-17T05:31:26.707Z"
  },
  "timepicker": {},
  "timezone": "",
  "title": "Asset Overview",
  "uid": "8YGbjko4k",
  "version": 15,
  "weekStart": ""
}