{
  "annotations": {
    "list": [
      {
        "builtIn": 1,
        "datasource": {
          "type": "grafana",
          "uid": "-- Grafana --"
        },
        "enable": true,
        "hide": true,
        "iconColor": "rgba(0, 211, 255, 1)",
        "name": "Annotations & Alerts",
        "target": {
          "limit": 100,
          "matchAny": false,
          "tags": [],
          "type": "dashboard"
        },
        "type": "dashboard"
      }
    ]
  },
  "editable": true,
  "fiscalYearStartMonth": 0,
  "graphTooltip": 0,
  "id": 6,
  "links": [],
  "liveNow": false,
  "panels": [
    {
      "datasource": {
        "type": "influxdb",
        "uid": "7yZTjo2Vk"
      },
      "gridPos": {
        "h": 22,
        "w": 3,
        "x": 0,
        "y": 0
      },
      "id": 2,
      "options": {
        "code": {
          "language": "plaintext",
          "showLineNumbers": false,
          "showMiniMap": false
        },
        "content": "<div style=\" height:100%; background-color: #2e2e38;padding: 10px 10px;\">\n    <div style=\"width:7vw; margin:10px ; margin-left:20px;\">\n        <a style=\"color:white;font-size:11px ; text-align:center;\" target=\"_blank\" href=\"https://www.ey.com/en_us\" >\n        <img style=\"width:100%\" src=\"https://assets.ey.com/content/dam/ey-sites/ey-com/en_ph/generic/logos/ey-white-logo.png.rendition.900.600.png\" alt=\"EY Logo\" >\n        Condition Monitoring System\n    </a>\n    </div>\n    <div  style=\"margin-top:50px\">\n        <a href=\"http://10.1.45.71:3000/d/Zdnyae24z/homepage?orgId=1\" >\n            <h6 style=\"margin-left:20px;padding-top:5px;color:white\">Home</h6>\n        </a>  \n    </div>\n    <div  style=\"margin-top:20px\">\n               <h5 style=\"margin-left:0px; color:white \">Asset Overview</h5>\n    </div>\n    <div  style=\"margin-top:20px\">\n        <a href=\"http://10.1.45.71:3000/d/8YGbjko4ke/motora\" >\n            <h6 style=\"margin-left:20px; color:white \">Motor_A</h6>\n        </a>\n    </div>\n        <div  style=\"margin-top:20px\">\n        <div style=\"width:8px; height:30px; background-color:#FFE600\">\n               <h6 style=\"margin-left:20px; color:white \">Conveyer_Belt</h6>\n        </div>\n    </div>\n\n    <div  style=\"margin-top:20px\">\n        <a href=\"http://10.1.45.71:3000/d/8YGbjko4ke3/id_fan?orgId=1\" >\n               <h6 style=\"margin-left:20px; color:white \">Induced_Fan</h6>\n        </a>\n    </div>\n\n        <div  style=\"margin-top:20px\">\n        <a href=\"http://10.1.45.71:3000/d/8YGbjko4ke4/lubrication-pump?orgId=1\" >\n               <h6 style=\"margin-left:20px; color:white \">Lubrication_Pump</h6>\n        </a>\n    </div>\n\n\n\n</div>\n",
        "mode": "html"
      },
      "pluginVersion": "9.3.2",
      "type": "text"
    },
    {
      "datasource": {
        "type": "influxdb",
        "uid": "7yZTjo2Vk"
      },
      "gridPos": {
        "h": 8,
        "w": 5,
        "x": 3,
        "y": 0
      },
      "id": 4,
      "options": {
        "code": {
          "language": "plaintext",
          "showLineNumbers": false,
          "showMiniMap": false
        },
        "content": "<div style=\"width:100%;height:100%\">\n <img style=\"width:100%;height:100%\" src=\"https://www.vandergraaf.com/media/VanderGraaf/site-images/Landing%20Pages/Drum%20Motor/Packaging-Conveyor-Environment-render_2.jpg\" alt=\"Motor\" >\n</div>",
        "mode": "html"
      },
      "pluginVersion": "9.3.2",
      "type": "text"
    },
    {
      "datasource": {
        "type": "influxdb",
        "uid": "7yZTjo2Vk"
      },
      "gridPos": {
        "h": 2,
        "w": 1,
        "x": 8,
        "y": 0
      },
      "id": 24,
      "options": {
        "code": {
          "language": "plaintext",
          "showLineNumbers": false,
          "showMiniMap": false
        },
        "content": "<div style=\"width:100%\">\n<img src=\"https://icones.pro/wp-content/uploads/2022/02/icone-de-cloche-jaune.png\">\n</div>",
        "mode": "html"
      },
      "pluginVersion": "9.3.2",
      "type": "text"
    },
    {
      "datasource": {
        "type": "influxdb",
        "uid": "_jxy0Q1Vk"
      },
      "description": "Show ML calibrated asset health",
      "fieldConfig": {
        "defaults": {
          "color": {
            "mode": "thresholds"
          },
          "mappings": [
            {
              "options": {
                "from": 0,
                "result": {
                  "color": "green",
                  "index": 0
                },
                "to": 0.5
              },
              "type": "range"
            },
            {
              "options": {
                "from": 0.6,
                "result": {
                  "color": "super-light-yellow",
                  "index": 1
                },
                "to": 1.5
              },
              "type": "range"
            },
            {
              "options": {
                "from": 1.6,
                "result": {
                  "color": "orange",
                  "index": 2
                },
                "to": 2.5
              },
              "type": "range"
            },
            {
              "options": {
                "from": 2.6,
                "result": {
                  "color": "red",
                  "index": 3
                },
                "to": 999
              },
              "type": "range"
            }
          ],
          "thresholds": {
            "mode": "absolute",
            "steps": [
              {
                "color": "green",
                "value": null
              }
            ]
          }
        },
        "overrides": []
      },
      "gridPos": {
        "h": 2,
        "w": 7,
        "x": 9,
        "y": 0
      },
      "id": 38,
      "options": {
        "colorMode": "value",
        "graphMode": "area",
        "justifyMode": "center",
        "orientation": "horizontal",
        "reduceOptions": {
          "calcs": [
            "lastNotNull"
          ],
          "fields": "/^Health_Index$/",
          "values": true
        },
        "text": {},
        "textMode": "name"
      },
      "pluginVersion": "9.3.2",
      "targets": [
        {
          "datasource": {
            "type": "influxdb",
            "uid": "7yZTjo2Vk"
          },
          "query": "from(bucket: \"59830e07-71a6-4ff0-9531-1f9fc4813fe0\")\r\n  |> range(start: v.timeRangeStart, stop: v.timeRangeStop)\r\n  |> filter(fn: (r) => r[\"_measurement\"] == \"ProcessedData\")\r\n  |> filter(fn: (r) => r[\"Logic\"] == \"MLHealth\")\r\n  |> filter(fn: (r) => r[\"_field\"] == \"Health_Status\" or r[\"_field\"] == \"Health_Index\" or r[\"_field\"] == \"asset_name\")\r\n  |> pivot(rowKey:[\"_time\"], columnKey: [\"_field\"], valueColumn: \"_value\")  \r\n  |> group(columns: [\"host\", \"asset_name\"], mode:\"by\")\r\n  |> filter(fn: (r) => r[\"asset_name\"] == \"Motor_ConveyorBelt\")\r\n  |> sort(columns: [\"_time\"], desc: true) \r\n    |> keep(columns: [\"Health_Status\", \"Health_Index\"])   \r\n|>limit(n:1)",
          "refId": "A"
        }
      ],
      "title": "Health Status (ML generated)",
      "transformations": [],
      "type": "stat"
    },
    {
      "datasource": {},
      "fieldConfig": {
        "defaults": {
          "color": {
            "mode": "thresholds"
          },
          "mappings": [],
          "thresholds": {
            "mode": "absolute",
            "steps": [
              {
                "color": "text",
                "value": null
              },
              {
                "color": "red",
                "value": 80
              }
            ]
          }
        },
        "overrides": [
          {
            "matcher": {
              "id": "byRegexp",
              "options": "^.*War.*$"
            },
            "properties": [
              {
                "id": "displayName",
                "value": "Warning"
              }
            ]
          },
          {
            "matcher": {
              "id": "byRegexp",
              "options": "^.*Cri.*$"
            },
            "properties": [
              {
                "id": "displayName",
                "value": "Critical"
              }
            ]
          },
          {
            "matcher": {
              "id": "byRegexp",
              "options": "^.*start.*$"
            },
            "properties": [
              {
                "id": "displayName",
                "value": "Total Alerts"
              }
            ]
          }
        ]
      },
      "gridPos": {
        "h": 1,
        "w": 8,
        "x": 16,
        "y": 0
      },
      "id": 22,
      "options": {
        "colorMode": "value",
        "graphMode": "area",
        "justifyMode": "auto",
        "orientation": "auto",
        "reduceOptions": {
          "calcs": [
            "lastNotNull"
          ],
          "fields": "/.*/",
          "values": false
        },
        "text": {
          "valueSize": 15
        },
        "textMode": "name"
      },
      "pluginVersion": "9.3.2",
      "targets": [
        {
          "datasource": {
            "type": "influxdb",
            "uid": "7yZTjo2Vk"
          },
          "query": "t1=from(bucket: \"59830e07-71a6-4ff0-9531-1f9fc4813fe0\")\r\n  |> range(start: v.timeRangeStart, stop: v.timeRangeStop)\r\n  |> filter(fn: (r) => r[\"_measurement\"] == \"ProcessedData\")\r\n  |> filter(fn: (r) => r[\"_field\"] == \"AlertPropertyValue\")\r\n|>count()\r\n  |> keep(columns: [\"_value\", \"Logic\"])  \r\n\r\n\r\nt2=from(bucket: \"59830e07-71a6-4ff0-9531-1f9fc4813fe0\")\r\n  |> range(start: v.timeRangeStart, stop: v.timeRangeStop)\r\n  |> filter(fn: (r) => r[\"_measurement\"] == \"ProcessedData\")\r\n  |> filter(fn: (r) => r[\"_field\"] == \"AlertPropertyValue\")\r\n|>group() \r\n  |>count()\r\nunion(tables: [t1, t2])\r\n",
          "refId": "A"
        }
      ],
      "transformations": [],
      "type": "stat"
    },
    {
      "datasource": {
        "type": "influxdb",
        "uid": "_jxy0Q1Vk"
      },
      "fieldConfig": {
        "defaults": {
          "color": {
            "mode": "thresholds"
          },
          "mappings": [],
          "noValue": "0",
          "thresholds": {
            "mode": "absolute",
            "steps": [
              {
                "color": "text",
                "value": null
              },
              {
                "color": "red",
                "value": 80
              }
            ]
          }
        },
        "overrides": []
      },
      "gridPos": {
        "h": 1,
        "w": 8,
        "x": 16,
        "y": 1
      },
      "id": 20,
      "options": {
        "colorMode": "value",
        "graphMode": "area",
        "justifyMode": "auto",
        "orientation": "auto",
        "reduceOptions": {
          "calcs": [
            "lastNotNull"
          ],
          "fields": "",
          "values": false
        },
        "text": {
          "valueSize": 15
        },
        "textMode": "value"
      },
      "pluginVersion": "9.3.2",
      "targets": [
        {
          "datasource": {
            "type": "influxdb",
            "uid": "7yZTjo2Vk"
          },
          "query": " t1=from(bucket: \"59830e07-71a6-4ff0-9531-1f9fc4813fe0\")\r\n  |> range(start: v.timeRangeStart, stop: v.timeRangeStop)\r\n  |> filter(fn: (r) => r[\"_measurement\"] == \"ProcessedData\")\r\n  |> filter(fn: (r) => (r[\"Logic\"] == \"Critical\" or r[\"Logic\"] == \"Warning\") and r[\"_field\"] == \"AlertProperty\" )\r\n  |> filter(fn: (r) => r[\"_value\"] =~ /Motor_ConveyorBelt/)\r\n  |>count()\r\n\r\nt2=from(bucket: \"59830e07-71a6-4ff0-9531-1f9fc4813fe0\")\r\n  |> range(start: v.timeRangeStart, stop: v.timeRangeStop)\r\n  |> filter(fn: (r) => r[\"_measurement\"] == \"ProcessedData\")\r\n  |> filter(fn: (r) => (r[\"Logic\"] == \"Critical\" or r[\"Logic\"] == \"Warning\") and r[\"_field\"] == \"AlertProperty\" )\r\n  |> filter(fn: (r) => r[\"_value\"] =~ /Motor_ConveyorBelt/)\r\n|>group()\r\n|>count()\r\n\r\nunion(tables: [t1, t2])\r\n",
          "refId": "A"
        }
      ],
      "type": "stat"
    },
    {
      "datasource": {},
      "fieldConfig": {
        "defaults": {
          "color": {
            "mode": "thresholds"
          },
          "mappings": [],
          "max": 110,
          "min": 27,
          "thresholds": {
            "mode": "absolute",
            "steps": [
              {
                "color": "green",
                "value": null
              },
              {
                "color": "yellow",
                "value": 80
              },
              {
                "color": "red",
                "value": 90
              }
            ]
          }
        },
        "overrides": [
          {
            "matcher": {
              "id": "byName",
              "options": "ManufacturingSimulator.Motor_ConveyorBelt.winding_temp_b Kepware"
            },
            "properties": [
              {
                "id": "displayName",
                "value": "Temp_B"
              }
            ]
          },
          {
            "matcher": {
              "id": "byName",
              "options": "ManufacturingSimulator.Motor_ConveyorBelt.winding_temp_y Kepware"
            },
            "properties": [
              {
                "id": "displayName",
                "value": "Temp_Y"
              }
            ]
          },
          {
            "matcher": {
              "id": "byName",
              "options": "ManufacturingSimulator.Motor_ConveyorBelt.winding_temp_r Kepware"
            },
            "properties": [
              {
                "id": "displayName",
                "value": "Temp_R"
              }
            ]
          }
        ]
      },
      "gridPos": {
        "h": 7,
        "w": 8,
        "x": 8,
        "y": 2
      },
      "id": 28,
      "options": {
        "orientation": "auto",
        "reduceOptions": {
          "calcs": [
            "lastNotNull"
          ],
          "fields": "",
          "values": false
        },
        "showThresholdLabels": true,
        "showThresholdMarkers": true
      },
      "pluginVersion": "9.3.2",
      "targets": [
        {
          "datasource": {
            "type": "influxdb",
            "uid": "7yZTjo2Vk"
          },
          "query": "from(bucket: \"59830e07-71a6-4ff0-9531-1f9fc4813fe0\")\r\n  |> range(start: v.timeRangeStart, stop: v.timeRangeStop)\r\n  |> filter(fn: (r) => r[\"_measurement\"] == \"RawData\")\r\n  |> filter(fn: (r) => r[\"DataSource\"] == \"Kepware\")\r\n  |> filter(fn: (r) => r[\"_field\"] == \"ManufacturingSimulator.Motor_ConveyorBelt.winding_temp_r\" or r[\"_field\"] == \"ManufacturingSimulator.Motor_ConveyorBelt.winding_temp_b\" or r[\"_field\"] == \"ManufacturingSimulator.Motor_ConveyorBelt.winding_temp_y\" )\r\n  |> sort(columns: [\"_time\"], desc: false)\r\n  ",
          "refId": "A"
        }
      ],
      "title": "Winding Temperature(Deg C)",
      "type": "gauge"
    },
    {
      "datasource": {},
      "description": "",
      "fieldConfig": {
        "defaults": {
          "color": {
            "mode": "thresholds"
          },
          "mappings": [],
          "max": 25,
          "min": 7,
          "thresholds": {
            "mode": "absolute",
            "steps": [
              {
                "color": "green",
                "value": null
              },
              {
                "color": "#EAB839",
                "value": 11.2
              },
              {
                "color": "red",
                "value": 18
              }
            ]
          }
        },
        "overrides": [
          {
            "matcher": {
              "id": "byName",
              "options": "ManufacturingSimulator.Motor_ConveyorBelt.rms_velocity_x Kepware"
            },
            "properties": [
              {
                "id": "displayName",
                "value": "X"
              }
            ]
          },
          {
            "matcher": {
              "id": "byName",
              "options": "ManufacturingSimulator.Motor_ConveyorBelt.rms_velocity_y Kepware"
            },
            "properties": [
              {
                "id": "displayName",
                "value": "Y"
              }
            ]
          },
          {
            "matcher": {
              "id": "byName",
              "options": "ManufacturingSimulator.Motor_ConveyorBelt.rms_velocity_z Kepware"
            },
            "properties": [
              {
                "id": "displayName",
                "value": "Z"
              }
            ]
          }
        ]
      },
      "gridPos": {
        "h": 7,
        "w": 8,
        "x": 16,
        "y": 2
      },
      "id": 30,
      "options": {
        "orientation": "auto",
        "reduceOptions": {
          "calcs": [
            "lastNotNull"
          ],
          "fields": "",
          "values": false
        },
        "showThresholdLabels": true,
        "showThresholdMarkers": true
      },
      "pluginVersion": "9.3.2",
      "targets": [
        {
          "datasource": {
            "type": "influxdb",
            "uid": "7yZTjo2Vk"
          },
          "query": "from(bucket: \"59830e07-71a6-4ff0-9531-1f9fc4813fe0\")\r\n  |> range(start: v.timeRangeStart, stop: v.timeRangeStop)\r\n  |> filter(fn: (r) => r[\"_measurement\"] == \"RawData\")\r\n  |> filter(fn: (r) => r[\"DataSource\"] == \"Kepware\")\r\n  |> filter(fn: (r) => r[\"_field\"] == \"ManufacturingSimulator.Motor_ConveyorBelt.rms_velocity_x\" or r[\"_field\"] == \"ManufacturingSimulator.Motor_ConveyorBelt.rms_velocity_y\" or r[\"_field\"] == \"ManufacturingSimulator.Motor_ConveyorBelt.rms_velocity_z\" )\r\n",
          "refId": "A"
        }
      ],
      "title": "Vibration Velocity(mm/s)",
      "type": "gauge"
    },
    {
      "datasource": {
        "type": "influxdb",
        "uid": "_jxy0Q1Vk"
      },
      "fieldConfig": {
        "defaults": {
          "color": {
            "mode": "thresholds"
          },
          "mappings": [
            {
              "options": {
                "1": {
                  "index": 0,
                  "text": "Running"
                }
              },
              "type": "value"
            }
          ],
          "noValue": "Running",
          "thresholds": {
            "mode": "absolute",
            "steps": [
              {
                "color": "green",
                "value": null
              },
              {
                "color": "red",
                "value": 80
              }
            ]
          }
        },
        "overrides": []
      },
      "gridPos": {
        "h": 1,
        "w": 5,
        "x": 3,
        "y": 8
      },
      "id": 8,
      "options": {
        "colorMode": "value",
        "graphMode": "area",
        "justifyMode": "center",
        "orientation": "auto",
        "reduceOptions": {
          "calcs": [
            "lastNotNull"
          ],
          "fields": "",
          "values": false
        },
        "text": {
          "valueSize": 15
        },
        "textMode": "value"
      },
      "pluginVersion": "9.3.2",
      "targets": [
        {
          "datasource": {
            "type": "influxdb",
            "uid": "7yZTjo2Vk"
          },
          "query": "from(bucket: \"59830e07-71a6-4ff0-9531-1f9fc4813fe0\")\r\n  |> range(start: v.timeRangeStart, stop: v.timeRangeStop)\r\n  |> filter(fn: (r) => r[\"_measurement\"] == \"ProcessedData\")\r\n  |> filter(fn: (r) => r[\"Logic\"] == \"RunStatus\")\r\n  |> pivot(rowKey:[\"_time\"], columnKey: [\"_field\"], valueColumn: \"_value\")  \r\n  |> filter(fn: (r) => r[\"asset_name\"] == \"Motor_ConveyorBelt\")\r\n  |> sort(columns: [\"_time\"], desc: true)\r\n  |> keep(columns: [\"asset_name\", \"RunningStatus\"])\r\n  |>limit(n:1)",
          "refId": "A"
        }
      ],
      "type": "stat"
    },
    {
      "datasource": {},
      "fieldConfig": {
        "defaults": {
          "color": {
            "mode": "palette-classic"
          },
          "custom": {
            "axisCenteredZero": false,
            "axisColorMode": "text",
            "axisLabel": "",
            "axisPlacement": "auto",
            "barAlignment": 0,
            "drawStyle": "line",
            "fillOpacity": 0,
            "gradientMode": "none",
            "hideFrom": {
              "legend": false,
              "tooltip": false,
              "viz": false
            },
            "lineInterpolation": "smooth",
            "lineWidth": 1,
            "pointSize": 5,
            "scaleDistribution": {
              "type": "linear"
            },
            "showPoints": "auto",
            "spanNulls": false,
            "stacking": {
              "group": "A",
              "mode": "none"
            },
            "thresholdsStyle": {
              "mode": "off"
            }
          },
          "mappings": [],
          "thresholds": {
            "mode": "absolute",
            "steps": [
              {
                "color": "green",
                "value": null
              },
              {
                "color": "red",
                "value": 80
              }
            ]
          }
        },
        "overrides": [
          {
            "matcher": {
              "id": "byName",
              "options": "ManufacturingSimulator.Motor_ConveyorBelt.rms_velocity_z Kepware"
            },
            "properties": [
              {
                "id": "displayName",
                "value": "Velocity_Z"
              }
            ]
          },
          {
            "matcher": {
              "id": "byName",
              "options": "ManufacturingSimulator.Motor_ConveyorBelt.flowrate Kepware"
            },
            "properties": [
              {
                "id": "displayName",
                "value": "Flowrate"
              }
            ]
          },
          {
            "matcher": {
              "id": "byName",
              "options": "ManufacturingSimulator.Motor_ConveyorBelt.motor_speed Kepware"
            },
            "properties": [
              {
                "id": "displayName",
                "value": "Motor Speed"
              }
            ]
          },
          {
            "matcher": {
              "id": "byName",
              "options": "ManufacturingSimulator.Motor_ConveyorBelt.rms_velocity_x Kepware"
            },
            "properties": [
              {
                "id": "displayName",
                "value": "Velocity_x"
              }
            ]
          },
          {
            "matcher": {
              "id": "byName",
              "options": "ManufacturingSimulator.Motor_ConveyorBelt.rms_velocity_y Kepware"
            },
            "properties": [
              {
                "id": "displayName",
                "value": "Velocity_Y"
              }
            ]
          },
          {
            "matcher": {
              "id": "byName",
              "options": "ManufacturingSimulator.Motor_ConveyorBelt.bearing_temp Kepware"
            },
            "properties": [
              {
                "id": "displayName",
                "value": "Bearing Temperature"
              }
            ]
          },
          {
            "matcher": {
              "id": "byName",
              "options": "ManufacturingSimulator.Motor_ConveyorBelt.belt_speed Kepware"
            },
            "properties": [
              {
                "id": "displayName",
                "value": "Belt Speed"
              }
            ]
          },
          {
            "matcher": {
              "id": "byName",
              "options": "ManufacturingSimulator.Motor_ConveyorBelt.current Kepware"
            },
            "properties": [
              {
                "id": "displayName",
                "value": "Current"
              }
            ]
          },
          {
            "matcher": {
              "id": "byName",
              "options": "ManufacturingSimulator.Motor_ConveyorBelt.winding_temp_b"
            },
            "properties": [
              {
                "id": "displayName",
                "value": "Temperature_B"
              }
            ]
          },
          {
            "matcher": {
              "id": "byName",
              "options": "ManufacturingSimulator.Motor_ConveyorBelt.winding_temp_r"
            },
            "properties": [
              {
                "id": "displayName",
                "value": "Temperature R"
              }
            ]
          },
          {
            "matcher": {
              "id": "byName",
              "options": "ManufacturingSimulator.Motor_ConveyorBelt.winding_temp_y"
            },
            "properties": [
              {
                "id": "displayName",
                "value": "Temperature Y"
              }
            ]
          },
          {
            "__systemRef": "hideSeriesFrom",
            "matcher": {
              "id": "byNames",
              "options": {
                "mode": "exclude",
                "names": [
                  "Temperature Y"
                ],
                "prefix": "All except:",
                "readOnly": true
              }
            },
            "properties": [
              {
                "id": "custom.hideFrom",
                "value": {
                  "legend": false,
                  "tooltip": false,
                  "viz": true
                }
              }
            ]
          }
        ]
      },
      "gridPos": {
        "h": 12,
        "w": 11,
        "x": 3,
        "y": 9
      },
      "id": 26,
      "options": {
        "legend": {
          "calcs": [],
          "displayMode": "list",
          "placement": "bottom",
          "showLegend": true
        },
        "tooltip": {
          "mode": "single",
          "sort": "none"
        }
      },
      "targets": [
        {
          "datasource": {
            "type": "influxdb",
            "uid": "7yZTjo2Vk"
          },
          "query": "from(bucket: \"59830e07-71a6-4ff0-9531-1f9fc4813fe0\")\r\n  |> range(start: v.timeRangeStart, stop: v.timeRangeStop)\r\n  |> filter(fn: (r) => r[\"_measurement\"] == \"RawData\")\r\n  |> filter(fn: (r) => r[\"DataSource\"] == \"Kepware\")\r\n  |> filter(fn: (r) => r[\"_field\"] =~ /Motor_ConveyorBelt/)\r\n",
          "refId": "A"
        }
      ],
      "title": "Trends",
      "type": "timeseries"
    },
    {
      "datasource": {},
      "fieldConfig": {
        "defaults": {
          "color": {
            "mode": "thresholds"
          },
          "mappings": [],
          "max": 80,
          "min": 27,
          "thresholds": {
            "mode": "absolute",
            "steps": [
              {
                "color": "green",
                "value": null
              },
              {
                "color": "#EAB839",
                "value": 50
              },
              {
                "color": "red",
                "value": 60
              }
            ]
          }
        },
        "overrides": [
          {
            "matcher": {
              "id": "byName",
              "options": "ManufacturingSimulator.MotorA.temp Kepware"
            },
            "properties": [
              {
                "id": "unit",
                "value": "celsius"
              }
            ]
          }
        ]
      },
      "gridPos": {
        "h": 4,
        "w": 5,
        "x": 14,
        "y": 9
      },
      "id": 36,
      "options": {
        "orientation": "auto",
        "reduceOptions": {
          "calcs": [
            "lastNotNull"
          ],
          "fields": "",
          "values": false
        },
        "showThresholdLabels": true,
        "showThresholdMarkers": true
      },
      "pluginVersion": "9.3.2",
      "targets": [
        {
          "datasource": {
            "type": "influxdb",
            "uid": "7yZTjo2Vk"
          },
          "query": "from(bucket: \"59830e07-71a6-4ff0-9531-1f9fc4813fe0\")\r\n  |> range(start: v.timeRangeStart, stop: v.timeRangeStop)\r\n  |> filter(fn: (r) => r[\"_measurement\"] == \"RawData\")\r\n  |> filter(fn: (r) => r[\"DataSource\"] == \"Kepware\")\r\n  |> filter(fn: (r) => r[\"_field\"] == \"ManufacturingSimulator.Motor_ConveyorBelt.bearing_temp\" )\r\n  |> sort(columns: [\"_time\"], desc: false)\r\n  ",
          "refId": "A"
        }
      ],
      "title": "Bearing Temperature",
      "type": "gauge"
    },
    {
      "datasource": {},
      "fieldConfig": {
        "defaults": {
          "color": {
            "mode": "thresholds"
          },
          "mappings": [],
          "noValue": "0",
          "thresholds": {
            "mode": "absolute",
            "steps": [
              {
                "color": "text",
                "value": null
              }
            ]
          }
        },
        "overrides": [
          {
            "matcher": {
              "id": "byName",
              "options": "RunningStatus"
            },
            "properties": [
              {
                "id": "unit",
                "value": "m"
              },
              {
                "id": "displayName",
                "value": "Running Time"
              }
            ]
          }
        ]
      },
      "gridPos": {
        "h": 4,
        "w": 5,
        "x": 19,
        "y": 9
      },
      "id": 32,
      "options": {
        "colorMode": "value",
        "graphMode": "area",
        "justifyMode": "auto",
        "orientation": "auto",
        "reduceOptions": {
          "calcs": [
            "lastNotNull"
          ],
          "fields": "",
          "values": false
        },
        "text": {},
        "textMode": "value"
      },
      "pluginVersion": "9.3.2",
      "targets": [
        {
          "datasource": {
            "type": "influxdb",
            "uid": "7yZTjo2Vk"
          },
          "query": "from(bucket: \"59830e07-71a6-4ff0-9531-1f9fc4813fe0\")\r\n  |> range(start: v.timeRangeStart, stop: v.timeRangeStop)\r\n  |> filter(fn: (r) => r[\"_measurement\"] == \"ProcessedData\")\r\n  |> filter(fn: (r) => r[\"Logic\"] == \"RunStatus\")\r\n  |> filter(fn: (r) => r[\"_field\"] == \"RunningStatus\" or r[\"_field\"] == \"asset_name\")\r\n  |> pivot(rowKey:[\"_time\"], columnKey: [\"_field\"], valueColumn: \"_value\")\r\n  |> filter(fn: (r) => r[\"asset_name\"] == \"Motor_ConveyorBelt\"  and r[\"RunningStatus\"] == 1)\r\n  |> count(column: \"RunningStatus\")\r\n",
          "refId": "A"
        }
      ],
      "title": "Running Time",
      "type": "stat"
    },
    {
      "datasource": {},
      "description": "",
      "fieldConfig": {
        "defaults": {
          "color": {
            "mode": "thresholds"
          },
          "mappings": [],
          "thresholds": {
            "mode": "absolute",
            "steps": [
              {
                "color": "text",
                "value": null
              }
            ]
          }
        },
        "overrides": [
          {
            "matcher": {
              "id": "byName",
              "options": "_value"
            },
            "properties": [
              {
                "id": "displayName",
                "value": "Flow Rate"
              },
              {
                "id": "mappings",
                "value": [
                  {
                    "options": {
                      "from": 3,
                      "result": {
                        "color": "yellow",
                        "index": 0
                      },
                      "to": 5
                    },
                    "type": "range"
                  },
                  {
                    "options": {
                      "from": 3,
                      "result": {
                        "color": "red",
                        "index": 1
                      },
                      "to": 0
                    },
                    "type": "range"
                  },
                  {
                    "options": {
                      "from": 15,
                      "result": {
                        "color": "yellow",
                        "index": 2
                      },
                      "to": 17
                    },
                    "type": "range"
                  },
                  {
                    "options": {
                      "from": 17,
                      "result": {
                        "color": "red",
                        "index": 3
                      },
                      "to": 25
                    },
                    "type": "range"
                  },
                  {
                    "options": {
                      "from": 5,
                      "result": {
                        "color": "green",
                        "index": 4
                      },
                      "to": 15
                    },
                    "type": "range"
                  }
                ]
              }
            ]
          }
        ]
      },
      "gridPos": {
        "h": 4,
        "w": 5,
        "x": 14,
        "y": 13
      },
      "id": 40,
      "options": {
        "colorMode": "value",
        "graphMode": "none",
        "justifyMode": "auto",
        "orientation": "auto",
        "reduceOptions": {
          "calcs": [
            "lastNotNull"
          ],
          "fields": "/.*/",
          "values": false
        },
        "text": {},
        "textMode": "value"
      },
      "pluginVersion": "9.3.2",
      "targets": [
        {
          "datasource": {
            "type": "influxdb",
            "uid": "7yZTjo2Vk"
          },
          "query": "from(bucket: \"59830e07-71a6-4ff0-9531-1f9fc4813fe0\")\r\n  |> range(start: v.timeRangeStart, stop: v.timeRangeStop)\r\n  |> filter(fn: (r) => r[\"_measurement\"] == \"RawData\")\r\n  |> filter(fn: (r) => r[\"DataSource\"] == \"Kepware\")\r\n  |> filter(fn: (r) => r[\"_field\"] == \"ManufacturingSimulator.Motor_ConveyorBelt.flowrate\")\r\n  |> sort(columns: [\"_time\"], desc: true)\r\n  |>limit(n:1)\r\n  |> drop(columns: [\"_time\"])\r\n",
          "refId": "A"
        }
      ],
      "title": "Flow Rate(TPH)",
      "type": "stat"
    },
    {
      "datasource": {},
      "description": "",
      "fieldConfig": {
        "defaults": {
          "color": {
            "mode": "thresholds"
          },
          "mappings": [],
          "thresholds": {
            "mode": "absolute",
            "steps": [
              {
                "color": "text",
                "value": null
              }
            ]
          },
          "unit": "short"
        },
        "overrides": [
          {
            "matcher": {
              "id": "byName",
              "options": "_value"
            },
            "properties": [
              {
                "id": "displayName",
                "value": "Flow Rate"
              },
              {
                "id": "mappings",
                "value": [
                  {
                    "options": {
                      "from": 16.4,
                      "result": {
                        "color": "red",
                        "index": 0
                      },
                      "to": 25
                    },
                    "type": "range"
                  },
                  {
                    "options": {
                      "from": 14,
                      "result": {
                        "color": "yellow",
                        "index": 1
                      },
                      "to": 16.4
                    },
                    "type": "range"
                  },
                  {
                    "options": {
                      "from": 0,
                      "result": {
                        "color": "green",
                        "index": 2
                      },
                      "to": 14
                    },
                    "type": "range"
                  }
                ]
              }
            ]
          }
        ]
      },
      "gridPos": {
        "h": 4,
        "w": 5,
        "x": 19,
        "y": 13
      },
      "id": 41,
      "options": {
        "colorMode": "value",
        "graphMode": "none",
        "justifyMode": "auto",
        "orientation": "auto",
        "reduceOptions": {
          "calcs": [
            "lastNotNull"
          ],
          "fields": "/.*/",
          "values": false
        },
        "text": {},
        "textMode": "value"
      },
      "pluginVersion": "9.3.2",
      "targets": [
        {
          "datasource": {
            "type": "influxdb",
            "uid": "7yZTjo2Vk"
          },
          "query": "from(bucket: \"59830e07-71a6-4ff0-9531-1f9fc4813fe0\")\r\n  |> range(start: v.timeRangeStart, stop: v.timeRangeStop)\r\n  |> filter(fn: (r) => r[\"_measurement\"] == \"RawData\")\r\n  |> filter(fn: (r) => r[\"DataSource\"] == \"Kepware\")\r\n  |> filter(fn: (r) => r[\"_field\"] == \"ManufacturingSimulator.Motor_ConveyorBelt.current\")\r\n  |> sort(columns: [\"_time\"], desc: true)\r\n  |>limit(n:1)\r\n  |> drop(columns: [\"_time\"])\r\n",
          "refId": "A"
        }
      ],
      "title": "Current(A)",
      "type": "stat"
    },
    {
      "datasource": {},
      "description": "",
      "fieldConfig": {
        "defaults": {
          "color": {
            "mode": "thresholds"
          },
          "mappings": [],
          "thresholds": {
            "mode": "absolute",
            "steps": [
              {
                "color": "green"
              },
              {
                "color": "red",
                "value": 3
              }
            ]
          }
        },
        "overrides": [
          {
            "matcher": {
              "id": "byName",
              "options": "_value"
            },
            "properties": [
              {
                "id": "displayName",
                "value": "Motor RPM"
              }
            ]
          }
        ]
      },
      "gridPos": {
        "h": 4,
        "w": 5,
        "x": 14,
        "y": 17
      },
      "id": 39,
      "options": {
        "colorMode": "value",
        "graphMode": "none",
        "justifyMode": "auto",
        "orientation": "auto",
        "reduceOptions": {
          "calcs": [
            "lastNotNull"
          ],
          "fields": "/.*/",
          "values": false
        },
        "text": {},
        "textMode": "value"
      },
      "pluginVersion": "9.3.2",
      "targets": [
        {
          "datasource": {
            "type": "influxdb",
            "uid": "7yZTjo2Vk"
          },
          "query": "from(bucket: \"59830e07-71a6-4ff0-9531-1f9fc4813fe0\")\r\n  |> range(start: v.timeRangeStart, stop: v.timeRangeStop)\r\n  |> filter(fn: (r) => r[\"_measurement\"] == \"RawData\")\r\n  |> filter(fn: (r) => r[\"DataSource\"] == \"Kepware\")\r\n  |> filter(fn: (r) => r[\"_field\"] == \"ManufacturingSimulator.Motor_ConveyorBelt.belt_speed\")\r\n  |> sort(columns: [\"_time\"], desc: true)\r\n  |>limit(n:1)\r\n  |> drop(columns: [\"_time\"])\r\n",
          "refId": "A"
        }
      ],
      "title": "Belt Speed(m/s)",
      "type": "stat"
    },
    {
      "datasource": {},
      "description": "",
      "fieldConfig": {
        "defaults": {
          "color": {
            "mode": "thresholds"
          },
          "mappings": [],
          "thresholds": {
            "mode": "absolute",
            "steps": [
              {
                "color": "green"
              },
              {
                "color": "red",
                "value": 1500
              }
            ]
          }
        },
        "overrides": [
          {
            "matcher": {
              "id": "byName",
              "options": "_value"
            },
            "properties": [
              {
                "id": "displayName",
                "value": "Motor RPM"
              }
            ]
          }
        ]
      },
      "gridPos": {
        "h": 4,
        "w": 5,
        "x": 19,
        "y": 17
      },
      "id": 34,
      "options": {
        "colorMode": "value",
        "graphMode": "none",
        "justifyMode": "auto",
        "orientation": "auto",
        "reduceOptions": {
          "calcs": [
            "lastNotNull"
          ],
          "fields": "/.*/",
          "values": false
        },
        "text": {},
        "textMode": "value"
      },
      "pluginVersion": "9.3.2",
      "targets": [
        {
          "datasource": {
            "type": "influxdb",
            "uid": "7yZTjo2Vk"
          },
          "query": "from(bucket: \"59830e07-71a6-4ff0-9531-1f9fc4813fe0\")\r\n  |> range(start: v.timeRangeStart, stop: v.timeRangeStop)\r\n  |> filter(fn: (r) => r[\"_measurement\"] == \"RawData\")\r\n  |> filter(fn: (r) => r[\"DataSource\"] == \"Kepware\")\r\n  |> filter(fn: (r) => r[\"_field\"] == \"ManufacturingSimulator.Motor_ConveyorBelt.motor_speed\")\r\n  |> sort(columns: [\"_time\"], desc: true)\r\n  |>limit(n:1)\r\n  |> drop(columns: [\"_time\"])\r\n",
          "refId": "A"
        }
      ],
      "title": "Motor Speed(RPM)",
      "type": "stat"
    }
  ],
  "refresh": false,
  "schemaVersion": 37,
  "style": "dark",
  "tags": [],
  "templating": {
    "list": []
  },
  "time": {
    "from": "now-2d",
    "to": "now"
  },
  "timepicker": {},
  "timezone": "",
  "title": "ConveyerBelt",
  "uid": "8YGbjko4ke2",
  "version": 5,
  "weekStart": ""
}