{
    "annotations": {
      "list": [
        {
          "builtIn": 1,
          "datasource": {
            "type": "grafana",
            "uid": "-- Grafana --"
          },
          "enable": true,
          "hide": true,
          "iconColor": "rgba(0, 211, 255, 1)",
          "name": "Annotations & Alerts",
          "target": {
            "limit": 100,
            "matchAny": false,
            "tags": [],
            "type": "dashboard"
          },
          "type": "dashboard"
        }
      ]
    },
    "editable": true,
    "fiscalYearStartMonth": 0,
    "graphTooltip": 0,
    "id": 6,
    "links": [],
    "liveNow": false,
    "panels": [
      {
        "datasource": {
          "type": "influxdb",
          "uid": "7yZTjo2Vk"
        },
        "gridPos": {
          "h": 24,
          "w": 3,
          "x": 0,
          "y": 0
        },
        "id": 2,
        "options": {
          "code": {
            "language": "plaintext",
            "showLineNumbers": false,
            "showMiniMap": false
          },
          "content": "<div style=\" height:100%; background-color: #2e2e38;padding: 10px 10px;\">\n    <div style=\"width:7vw; margin:10px ; margin-left:20px;\">\n        <a style=\"color:white;font-size:11px ; text-align:center;\" target=\"_blank\" href=\"https://www.ey.com/en_us\" >\n        <img style=\"width:100%\" src=\"https://assets.ey.com/content/dam/ey-sites/ey-com/en_ph/generic/logos/ey-white-logo.png.rendition.900.600.png\" alt=\"EY Logo\" >\n        Condition Monitoring System\n    </a>\n    </div>\n    <div  style=\"margin-top:50px\">\n        <div style=\"width:8px; height:30px; background-color:#FFE600\">\n            <h6 style=\"margin-left:20px;padding-top:5px;color:white\">Home</h6></div>\n    </div>\n    <div  style=\"margin-top:20px\">\n          <a href=\"http://10.1.45.71:3000/d/8YGbjko4k/asset-overview?orgId=1\" >\n               <h6 style=\"margin-left:20px; color:white \">Asset Overview</h6></a>\n    </div>\n        <div  style=\"margin-top:20px\">\n          <a href=\"http://10.1.45.71:3000/d/Kj1IR-h4k/asset-overview?orgId=1&from=1673615015236&to=1673616678710\" >\n               <h6 style=\"margin-left:20px; color:white \">Alert Overview</h6></a>\n    </div>\n\n</div>",
          "mode": "html"
        },
        "pluginVersion": "9.3.2",
        "type": "text"
      },
      {
        "datasource": {
          "type": "influxdb",
          "uid": "7yZTjo2Vk"
        },
        "description": "Total number of alerts",
        "fieldConfig": {
          "defaults": {
            "color": {
              "mode": "palette-classic"
            },
            "custom": {
              "hideFrom": {
                "legend": false,
                "tooltip": false,
                "viz": false
              }
            },
            "mappings": []
          },
          "overrides": [
            {
              "matcher": {
                "id": "byRegexp",
                "options": "^.*War.*$"
              },
              "properties": [
                {
                  "id": "displayName",
                  "value": "Warning"
                }
              ]
            },
            {
              "matcher": {
                "id": "byRegexp",
                "options": "^.*Critical.*$"
              },
              "properties": [
                {
                  "id": "displayName",
                  "value": "Critical"
                }
              ]
            },
            {
              "matcher": {
                "id": "byName",
                "options": "Critical"
              },
              "properties": [
                {
                  "id": "color",
                  "value": {
                    "fixedColor": "light-red",
                    "mode": "fixed"
                  }
                }
              ]
            },
            {
              "matcher": {
                "id": "byName",
                "options": "Warning"
              },
              "properties": [
                {
                  "id": "color",
                  "value": {
                    "fixedColor": "light-yellow",
                    "mode": "fixed"
                  }
                }
              ]
            }
          ]
        },
        "gridPos": {
          "h": 11,
          "w": 6,
          "x": 3,
          "y": 0
        },
        "id": 4,
        "options": {
          "displayLabels": [
            "name",
            "value"
          ],
          "legend": {
            "displayMode": "list",
            "placement": "right",
            "showLegend": true
          },
          "pieType": "pie",
          "reduceOptions": {
            "calcs": [
              "lastNotNull"
            ],
            "fields": "",
            "values": false
          },
          "tooltip": {
            "mode": "single",
            "sort": "none"
          }
        },
        "targets": [
          {
            "datasource": {
              "type": "influxdb",
              "uid": "7yZTjo2Vk"
            },
            "query": "  from(bucket: \"59830e07-71a6-4ff0-9531-1f9fc4813fe0\")\r\n  |> range(start: v.timeRangeStart, stop: v.timeRangeStop)\r\n  |> filter(fn: (r) => r[\"_measurement\"] == \"ProcessedData\")\r\n  |> filter(fn: (r) => r[\"_field\"] == \"AlertPropertyValue\")\r\n|>count()",
            "refId": "A"
          }
        ],
        "title": "Total Alerts",
        "type": "piechart"
      },
      {
        "datasource": {
          "type": "influxdb",
          "uid": "7yZTjo2Vk"
        },
        "description": "",
        "fieldConfig": {
          "defaults": {
            "color": {
              "fixedColor": "#ecebeb",
              "mode": "fixed"
            },
            "custom": {
              "align": "left",
              "displayMode": "color-background-solid",
              "filterable": true,
              "inspect": false
            },
            "mappings": [],
            "thresholds": {
              "mode": "absolute",
              "steps": [
                {
                  "color": "green",
                  "value": null
                },
                {
                  "color": "red",
                  "value": 80
                }
              ]
            }
          },
          "overrides": [
            {
              "matcher": {
                "id": "byName",
                "options": "DeviceName"
              },
              "properties": [
                {
                  "id": "custom.width",
                  "value": 304
                },
                {
                  "id": "mappings",
                  "value": [
                    {
                      "options": {
                        "97e3d778-3d13-4177-a4be-62481061b6a6": {
                          "index": 0,
                          "text": "Motor_A"
                        }
                      },
                      "type": "value"
                    }
                  ]
                }
              ]
            }
          ]
        },
        "gridPos": {
          "h": 11,
          "w": 12,
          "x": 9,
          "y": 0
        },
        "id": 14,
        "options": {
          "footer": {
            "enablePagination": true,
            "fields": "",
            "reducer": [
              "sum"
            ],
            "show": false
          },
          "showHeader": true,
          "sortBy": []
        },
        "pluginVersion": "9.3.2",
        "targets": [
          {
            "datasource": {
              "type": "influxdb",
              "uid": "7yZTjo2Vk"
            },
            "query": "from(bucket: \"59830e07-71a6-4ff0-9531-1f9fc4813fe0\")\r\n  |> range(start: v.timeRangeStart, stop: v.timeRangeStop)\r\n  |> filter(fn: (r) => r[\"_measurement\"] == \"ProcessedData\")\r\n  |> filter(fn: (r) => r[\"Logic\"] == \"Warning\" or r[\"Logic\"] == \"Critical\")\r\n  |> filter(fn: (r) => r[\"_field\"] == \"deviceid\" )\r\n  |>count()\r\n  |> pivot(rowKey:[\"_start\"], columnKey: [\"Logic\"], valueColumn: \"_value\")  \r\n  |> map(fn: (r) => ({ r with TotalAlerts: r.Critical + r.Warning }))  \r\n  |> map(fn: (r) => ({ r with DeviceName: \"97e3d778-3d13-4177-a4be-62481061b6a6\" }))  \r\n  \r\n  |> keep(columns: [\"DeviceName\", \"Critical\",\"Warning\",\"TotalAlerts\"])",
            "refId": "A"
          }
        ],
        "title": "Asset Alert count",
        "transformations": [
          {
            "id": "organize",
            "options": {
              "excludeByName": {},
              "indexByName": {
                "Critical": 2,
                "DeviceName": 0,
                "TotalAlerts": 3,
                "Warning": 1
              },
              "renameByName": {}
            }
          }
        ],
        "type": "table"
      },
      {
        "datasource": {
          "type": "influxdb",
          "uid": "7yZTjo2Vk"
        },
        "fieldConfig": {
          "defaults": {
            "color": {
              "mode": "thresholds"
            },
            "mappings": [],
            "thresholds": {
              "mode": "absolute",
              "steps": [
                {
                  "color": "blue",
                  "value": null
                }
              ]
            }
          },
          "overrides": []
        },
        "gridPos": {
          "h": 6,
          "w": 3,
          "x": 21,
          "y": 0
        },
        "id": 6,
        "options": {
          "colorMode": "background",
          "graphMode": "area",
          "justifyMode": "auto",
          "orientation": "auto",
          "reduceOptions": {
            "calcs": [
              "lastNotNull"
            ],
            "fields": "",
            "values": false
          },
          "textMode": "auto"
        },
        "pluginVersion": "9.3.2",
        "targets": [
          {
            "datasource": {
              "type": "influxdb",
              "uid": "7yZTjo2Vk"
            },
            "query": "from(bucket: \"59830e07-71a6-4ff0-9531-1f9fc4813fe0\")\r\n  |> range(start: -30d)\r\n  |> filter(fn: (r) => r[\"_measurement\"] == \"RawData\")\r\n  |> filter(fn: (r) => r[\"DataSource\"] == \"Kepware\")\r\n  |> filter(fn: (r) => r[\"_field\"] == \"deviceid\")\r\n  |>unique()\r\n  |>count()\r\n\r\n",
            "refId": "A"
          }
        ],
        "title": "Onboarded Assets",
        "type": "stat"
      },
      {
        "datasource": {
          "type": "influxdb",
          "uid": "7yZTjo2Vk"
        },
        "description": "Total Number of active assets",
        "fieldConfig": {
          "defaults": {
            "color": {
              "mode": "thresholds"
            },
            "mappings": [],
            "thresholds": {
              "mode": "absolute",
              "steps": [
                {
                  "color": "green",
                  "value": null
                },
                {
                  "color": "red",
                  "value": 80
                }
              ]
            }
          },
          "overrides": []
        },
        "gridPos": {
          "h": 6,
          "w": 3,
          "x": 21,
          "y": 6
        },
        "id": 12,
        "options": {
          "colorMode": "background",
          "graphMode": "area",
          "justifyMode": "auto",
          "orientation": "auto",
          "reduceOptions": {
            "calcs": [
              "lastNotNull"
            ],
            "fields": "",
            "values": false
          },
          "textMode": "auto"
        },
        "pluginVersion": "9.3.2",
        "targets": [
          {
            "datasource": {
              "type": "influxdb",
              "uid": "7yZTjo2Vk"
            },
            "query": "from(bucket: \"59830e07-71a6-4ff0-9531-1f9fc4813fe0\")\r\n  |> range(start: v.timeRangeStart, stop: v.timeRangeStop)\r\n  |> filter(fn: (r) => r[\"_measurement\"] == \"ProcessedData\")\r\n  |> filter(fn: (r) => r[\"_field\"] == \"RunningStatus\" )\r\n  |> filter(fn: (r) => r[\"_value\"] == 1 )\r\n  |>unique()\r\n  |>count()\r\n",
            "refId": "A"
          }
        ],
        "title": "Active Assets",
        "type": "stat"
      },
      {
        "datasource": {
          "type": "influxdb",
          "uid": "7yZTjo2Vk"
        },
        "fieldConfig": {
          "defaults": {
            "color": {
              "fixedColor": "#ecebeb",
              "mode": "fixed"
            },
            "custom": {
              "align": "left",
              "displayMode": "color-background-solid",
              "inspect": false
            },
            "mappings": [],
            "thresholds": {
              "mode": "absolute",
              "steps": [
                {
                  "color": "green",
                  "value": null
                },
                {
                  "color": "red",
                  "value": 80
                }
              ]
            }
          },
          "overrides": [
            {
              "matcher": {
                "id": "byName",
                "options": "deviceid"
              },
              "properties": [
                {
                  "id": "custom.width",
                  "value": 278
                }
              ]
            },
            {
              "matcher": {
                "id": "byName",
                "options": "Availability"
              },
              "properties": [
                {
                  "id": "mappings",
                  "value": [
                    {
                      "options": {
                        "1": {
                          "color": "green",
                          "index": 0,
                          "text": "Active"
                        }
                      },
                      "type": "value"
                    }
                  ]
                }
              ]
            },
            {
              "matcher": {
                "id": "byName",
                "options": "AlertGenTime"
              },
              "properties": [
                {
                  "id": "displayName",
                  "value": "Last Alert Time"
                },
                {
                  "id": "unit",
                  "value": "dateTimeAsLocalNoDateIfToday"
                }
              ]
            },
            {
              "matcher": {
                "id": "byName",
                "options": "Logic"
              },
              "properties": [
                {
                  "id": "displayName",
                  "value": "Alert Type"
                }
              ]
            },
            {
              "matcher": {
                "id": "byName",
                "options": "deviceid"
              },
              "properties": [
                {
                  "id": "displayName",
                  "value": "Device Name"
                },
                {
                  "id": "mappings",
                  "value": [
                    {
                      "options": {
                        "97e3d778-3d13-4177-a4be-62481061b6a6": {
                          "index": 0,
                          "text": "Motor_A"
                        }
                      },
                      "type": "value"
                    }
                  ]
                }
              ]
            }
          ]
        },
        "gridPos": {
          "h": 13,
          "w": 18,
          "x": 3,
          "y": 11
        },
        "id": 16,
        "options": {
          "footer": {
            "enablePagination": true,
            "fields": "",
            "reducer": [
              "sum"
            ],
            "show": false
          },
          "showHeader": true,
          "sortBy": [
            {
              "desc": true,
              "displayName": "Logic"
            }
          ]
        },
        "pluginVersion": "9.3.2",
        "targets": [
          {
            "datasource": {
              "type": "influxdb",
              "uid": "7yZTjo2Vk"
            },
            "query": "from(bucket: \"59830e07-71a6-4ff0-9531-1f9fc4813fe0\")\r\n  |> range(start: v.timeRangeStart, stop: v.timeRangeStop)\r\n  |> filter(fn: (r) => r[\"_measurement\"] == \"ProcessedData\")\r\n  |> filter(fn: (r) => r[\"Logic\"] == \"Warning\" or r[\"Logic\"] == \"Critical\")\r\n  |> filter(fn: (r) => r[\"_field\"] == \"deviceid\" or  r[\"_field\"] == \"AlertGenTime\" )\r\n  |> pivot(rowKey:[\"_time\"], columnKey: [\"_field\"], valueColumn: \"_value\")\r\n  |>group()\r\n|> sort(columns: [\"AlertGenTime\"], desc: true)\r\n|>limit(n:1)\r\n  |> map(fn: (r) => ({ r with Availability: 1 }))\r\n  |> keep(columns: [\"Availability\", \"AlertGenTime\",\"deviceid\",\"Logic\"])\r\n  ",
            "refId": "A"
          }
        ],
        "title": "Asset  Last Alert",
        "transformations": [
          {
            "id": "organize",
            "options": {
              "excludeByName": {},
              "indexByName": {
                "AlertGenTime": 2,
                "Availability": 3,
                "Logic": 1,
                "deviceid": 0
              },
              "renameByName": {
                "Availability": ""
              }
            }
          }
        ],
        "type": "table"
      },
      {
        "datasource": {
          "type": "influxdb",
          "uid": "7yZTjo2Vk"
        },
        "description": "Offline assets",
        "fieldConfig": {
          "defaults": {
            "color": {
              "mode": "thresholds"
            },
            "mappings": [],
            "noValue": "0",
            "thresholds": {
              "mode": "absolute",
              "steps": [
                {
                  "color": "green",
                  "value": null
                },
                {
                  "color": "red",
                  "value": 1
                }
              ]
            }
          },
          "overrides": []
        },
        "gridPos": {
          "h": 6,
          "w": 3,
          "x": 21,
          "y": 12
        },
        "id": 10,
        "options": {
          "colorMode": "background",
          "graphMode": "area",
          "justifyMode": "auto",
          "orientation": "auto",
          "reduceOptions": {
            "calcs": [
              "lastNotNull"
            ],
            "fields": "",
            "values": false
          },
          "textMode": "auto"
        },
        "pluginVersion": "9.3.2",
        "targets": [
          {
            "datasource": {
              "type": "influxdb",
              "uid": "7yZTjo2Vk"
            },
            "query": "from(bucket: \"59830e07-71a6-4ff0-9531-1f9fc4813fe0\")\r\n  |> range(start: v.timeRangeStart, stop: v.timeRangeStop)\r\n  |> filter(fn: (r) => r[\"_measurement\"] == \"ProcessedData\")\r\n  |> filter(fn: (r) => r[\"_field\"] == \"RunningStatus\" )\r\n  |> filter(fn: (r) => r[\"_value\"] == 0 )\r\n  |>unique()\r\n  |>count()\r\n",
            "refId": "A"
          }
        ],
        "title": "Offline Assets",
        "type": "stat"
      },
      {
        "datasource": {
          "type": "influxdb",
          "uid": "7yZTjo2Vk"
        },
        "fieldConfig": {
          "defaults": {
            "color": {
              "mode": "thresholds"
            },
            "mappings": [],
            "noValue": "0",
            "thresholds": {
              "mode": "absolute",
              "steps": [
                {
                  "color": "green",
                  "value": null
                },
                {
                  "color": "light-yellow",
                  "value": 1
                },
                {
                  "color": "#EAB839",
                  "value": 6
                },
                {
                  "color": "light-red",
                  "value": 10
                },
                {
                  "color": "dark-red",
                  "value": 20
                }
              ]
            }
          },
          "overrides": []
        },
        "gridPos": {
          "h": 6,
          "w": 3,
          "x": 21,
          "y": 18
        },
        "id": 8,
        "options": {
          "colorMode": "background",
          "graphMode": "area",
          "justifyMode": "auto",
          "orientation": "auto",
          "reduceOptions": {
            "calcs": [
              "lastNotNull"
            ],
            "fields": "",
            "values": false
          },
          "textMode": "auto"
        },
        "pluginVersion": "9.3.2",
        "targets": [
          {
            "datasource": {
              "type": "influxdb",
              "uid": "7yZTjo2Vk"
            },
            "query": "  from(bucket: \"59830e07-71a6-4ff0-9531-1f9fc4813fe0\")\r\n  |> range(start: v.timeRangeStart, stop: v.timeRangeStop)\r\n  |> filter(fn: (r) => r[\"_measurement\"] == \"ProcessedData\")\r\n  |> filter(fn: (r) => r[\"_field\"] == \"AlertPropertyValue\")\r\n    |>group()\r\n|>count()\r\n",
            "refId": "A"
          }
        ],
        "title": "Active Alerts",
        "type": "stat"
      }
    ],
    "schemaVersion": 37,
    "style": "dark",
    "tags": [],
    "templating": {
      "list": []
    },
    "time": {
      "from": "now-6h",
      "to": "now"
    },
    "timepicker": {},
    "timezone": "",
    "title": "Landing",
    "uid": "Zdnyae24z",
    "version": 9,
    "weekStart": ""
  }