{
  "annotations": {
    "list": [
      {
        "builtIn": 1,
        "datasource": {
          "type": "grafana",
          "uid": "-- Grafana --"
        },
        "enable": true,
        "hide": true,
        "iconColor": "rgba(0, 211, 255, 1)",
        "name": "Annotations & Alerts",
        "target": {
          "limit": 100,
          "matchAny": false,
          "tags": [],
          "type": "dashboard"
        },
        "type": "dashboard"
      }
    ]
  },
  "editable": true,
  "fiscalYearStartMonth": 0,
  "graphTooltip": 0,
  "id": 3,
  "links": [],
  "liveNow": false,
  "panels": [
    {
      "datasource": {
        "type": "influxdb",
        "uid": "7yZTjo2Vk"
      },
      "gridPos": {
        "h": 22,
        "w": 3,
        "x": 0,
        "y": 0
      },
      "id": 2,
      "options": {
        "code": {
          "language": "plaintext",
          "showLineNumbers": false,
          "showMiniMap": false
        },
        "content": "<div style=\" height:100%; background-color: #2e2e38;padding: 10px 10px;\">\n    <div style=\"width:7vw; margin:10px ; margin-left:20px;\">\n        <a style=\"color:white;font-size:11px ; text-align:center;\" target=\"_blank\" href=\"https://www.ey.com/en_us\" >\n        <img style=\"width:100%\" src=\"https://assets.ey.com/content/dam/ey-sites/ey-com/en_ph/generic/logos/ey-white-logo.png.rendition.900.600.png\" alt=\"EY Logo\" >\n        Condition Monitoring System\n    </a>\n    </div>\n    <div  style=\"margin-top:50px\">\n        <div style=\"width:8px; height:30px; background-color:#FFE600\">\n            <h6 style=\"margin-left:20px;padding-top:5px;color:white\">Home</h6>\n        </div>\n    </div>\n    <div  style=\"margin-top:20px\">\n               <h5 style=\"margin-left:0px; color:white \">Asset Overview</h5>\n    </div>\n        <div  style=\"margin-top:20px\">\n            <a href=\"http://10.1.45.71:3000/d/8YGbjko4ke/motora\" >\n               <h6 style=\"margin-left:20px; color:white \">Motor_A</h6>\n            </a>\n        \n    </div>\n\n    <div  style=\"margin-top:20px\">\n        <a href=\"http://10.1.45.71:3000/d/8YGbjko4ke2/conveyerbelt?orgId=1\" >\n            <h6 style=\"margin-left:20px; color:white \">Conveyer_Belt</h6>\n        </a>\n    </div>\n\n    <div  style=\"margin-top:20px\">\n        <a href=\"http://10.1.45.71:3000/d/8YGbjko4ke3/id_fan?orgId=1\" >\n               <h6 style=\"margin-left:20px; color:white \">Induced_Fan</h6>\n        </a>\n    </div>\n\n        <div  style=\"margin-top:20px\">\n        <a href=\"http://10.1.45.71:3000/d/8YGbjko4ke4/lubrication-pump?orgId=1\" >\n               <h6 style=\"margin-left:20px; color:white \">Lubrication_Pump</h6>\n        </a>\n    </div>\n\n\n\n</div>\n",
        "mode": "html"
      },
      "pluginVersion": "9.3.2",
      "type": "text"
    },
    {
      "datasource": {
        "type": "influxdb",
        "uid": "_jxy0Q1Vk"
      },
      "description": "Total number of alerts",
      "fieldConfig": {
        "defaults": {
          "color": {
            "mode": "palette-classic"
          },
          "custom": {
            "hideFrom": {
              "legend": false,
              "tooltip": false,
              "viz": false
            }
          },
          "mappings": [],
          "noValue": "No Data to show during this time range"
        },
        "overrides": [
          {
            "matcher": {
              "id": "byRegexp",
              "options": "^.*War.*$"
            },
            "properties": [
              {
                "id": "displayName",
                "value": "Warning"
              }
            ]
          },
          {
            "matcher": {
              "id": "byRegexp",
              "options": "^.*Critical.*$"
            },
            "properties": [
              {
                "id": "displayName",
                "value": "Critical"
              }
            ]
          },
          {
            "matcher": {
              "id": "byName",
              "options": "Critical"
            },
            "properties": [
              {
                "id": "color",
                "value": {
                  "fixedColor": "light-red",
                  "mode": "fixed"
                }
              }
            ]
          },
          {
            "matcher": {
              "id": "byName",
              "options": "Warning"
            },
            "properties": [
              {
                "id": "color",
                "value": {
                  "fixedColor": "light-yellow",
                  "mode": "fixed"
                }
              }
            ]
          }
        ]
      },
      "gridPos": {
        "h": 10,
        "w": 6,
        "x": 3,
        "y": 0
      },
      "id": 4,
      "options": {
        "displayLabels": [
          "name",
          "value"
        ],
        "legend": {
          "displayMode": "list",
          "placement": "right",
          "showLegend": true
        },
        "pieType": "pie",
        "reduceOptions": {
          "calcs": [
            "lastNotNull"
          ],
          "fields": "",
          "values": false
        },
        "tooltip": {
          "mode": "single",
          "sort": "none"
        }
      },
      "targets": [
        {
          "datasource": {
            "type": "influxdb",
            "uid": "7yZTjo2Vk"
          },
          "query": "  from(bucket: \"59830e07-71a6-4ff0-9531-1f9fc4813fe0\")\r\n  |> range(start: v.timeRangeStart, stop: v.timeRangeStop)\r\n  |> filter(fn: (r) => r[\"_measurement\"] == \"ProcessedData\")\r\n  |> filter(fn: (r) => r[\"_field\"] == \"AlertPropertyValue\")\r\n|>count()",
          "refId": "A"
        }
      ],
      "title": "Total Alerts",
      "type": "piechart"
    },
    {
      "datasource": {
        "type": "influxdb",
        "uid": "_jxy0Q1Vk"
      },
      "description": "",
      "fieldConfig": {
        "defaults": {
          "color": {
            "fixedColor": "#ecebeb",
            "mode": "fixed"
          },
          "custom": {
            "align": "left",
            "displayMode": "color-background-solid",
            "filterable": true,
            "inspect": false
          },
          "mappings": [],
          "noValue": "No Data to show during this time range",
          "thresholds": {
            "mode": "absolute",
            "steps": [
              {
                "color": "green",
                "value": null
              },
              {
                "color": "red",
                "value": 80
              }
            ]
          }
        },
        "overrides": [
          {
            "matcher": {
              "id": "byName",
              "options": "DeviceName"
            },
            "properties": [
              {
                "id": "custom.width",
                "value": 304
              },
              {
                "id": "mappings",
                "value": [
                  {
                    "options": {
                      "97e3d778-3d13-4177-a4be-62481061b6a6": {
                        "index": 0,
                        "text": "Motor_A"
                      }
                    },
                    "type": "value"
                  }
                ]
              }
            ]
          }
        ]
      },
      "gridPos": {
        "h": 10,
        "w": 12,
        "x": 9,
        "y": 0
      },
      "id": 14,
      "options": {
        "footer": {
          "enablePagination": true,
          "fields": "",
          "reducer": [
            "sum"
          ],
          "show": false
        },
        "showHeader": true,
        "sortBy": []
      },
      "pluginVersion": "9.3.2",
      "targets": [
        {
          "datasource": {
            "type": "influxdb",
            "uid": "7yZTjo2Vk"
          },
          "query": "import \"join\"\r\nleft=from(bucket: \"59830e07-71a6-4ff0-9531-1f9fc4813fe0\")\r\n  |> range(start: v.timeRangeStart, stop: v.timeRangeStop)\r\n  |> filter(fn: (r) => r[\"_measurement\"] == \"ProcessedData\")\r\n  |> filter(fn: (r) => r[\"Logic\"] == \"Warning\" )\r\n  |> filter(fn: (r) => r[\"_field\"] == \"asset_name\" )\r\n  |> group(columns: [\"host\", \"_value\"], mode:\"by\")\r\n|> count(column: \"Logic\")\r\nright=from(bucket: \"59830e07-71a6-4ff0-9531-1f9fc4813fe0\")\r\n  |> range(start: v.timeRangeStart, stop: v.timeRangeStop)\r\n  |> filter(fn: (r) => r[\"_measurement\"] == \"ProcessedData\")\r\n  |> filter(fn: (r) => r[\"Logic\"] == \"Critical\" )\r\n  |> filter(fn: (r) => r[\"_field\"] == \"asset_name\" )\r\n  |> group(columns: [\"host\", \"_value\"], mode:\"by\")\r\n|> count(column: \"Logic\")\r\njoin.inner(\r\n    left: left ,\r\n    right: right,\r\n    on: (l, r) => l._value == r._value,\r\n    as: (l, r) => ({l with Critical: r.Logic}),\r\n)\r\n|>group()\r\n",
          "refId": "A"
        }
      ],
      "title": "Asset Alert count",
      "transformations": [
        {
          "id": "organize",
          "options": {
            "excludeByName": {},
            "indexByName": {
              "Critical": 1,
              "Logic": 2,
              "_value": 0
            },
            "renameByName": {
              "_value": "Asset Name"
            }
          }
        }
      ],
      "type": "table"
    },
    {
      "datasource": {
        "type": "influxdb",
        "uid": "_jxy0Q1Vk"
      },
      "fieldConfig": {
        "defaults": {
          "color": {
            "mode": "thresholds"
          },
          "mappings": [],
          "noValue": "0",
          "thresholds": {
            "mode": "absolute",
            "steps": [
              {
                "color": "blue",
                "value": null
              }
            ]
          }
        },
        "overrides": []
      },
      "gridPos": {
        "h": 5,
        "w": 3,
        "x": 21,
        "y": 0
      },
      "id": 6,
      "options": {
        "colorMode": "background",
        "graphMode": "area",
        "justifyMode": "auto",
        "orientation": "auto",
        "reduceOptions": {
          "calcs": [
            "lastNotNull"
          ],
          "fields": "",
          "values": false
        },
        "textMode": "auto"
      },
      "pluginVersion": "9.3.2",
      "targets": [
        {
          "datasource": {
            "type": "influxdb",
            "uid": "7yZTjo2Vk"
          },
          "query": "from(bucket: \"59830e07-71a6-4ff0-9531-1f9fc4813fe0\")\r\n  |> range(start: -30d)\r\n  |> filter(fn: (r) => r[\"_measurement\"] == \"RawData\")\r\n  |> filter(fn: (r) => r[\"DataSource\"] == \"Kepware\")\r\n  |> filter(fn: (r) => r[\"_field\"] == \"asset_name\")\r\n  |>unique()\r\n  |>count()\r\n\r\n",
          "refId": "A"
        }
      ],
      "title": "Onboarded Assets",
      "type": "stat"
    },
    {
      "datasource": {
        "type": "influxdb",
        "uid": "_jxy0Q1Vk"
      },
      "description": "Total Number of active assets",
      "fieldConfig": {
        "defaults": {
          "color": {
            "mode": "thresholds"
          },
          "mappings": [],
          "noValue": "1",
          "thresholds": {
            "mode": "absolute",
            "steps": [
              {
                "color": "green",
                "value": null
              },
              {
                "color": "red",
                "value": 80
              }
            ]
          }
        },
        "overrides": []
      },
      "gridPos": {
        "h": 5,
        "w": 3,
        "x": 21,
        "y": 5
      },
      "id": 12,
      "options": {
        "colorMode": "background",
        "graphMode": "area",
        "justifyMode": "auto",
        "orientation": "auto",
        "reduceOptions": {
          "calcs": [
            "lastNotNull"
          ],
          "fields": "",
          "values": false
        },
        "textMode": "auto"
      },
      "pluginVersion": "9.3.2",
      "targets": [
        {
          "datasource": {
            "type": "influxdb",
            "uid": "7yZTjo2Vk"
          },
          "query": "from(bucket: \"59830e07-71a6-4ff0-9531-1f9fc4813fe0\")\r\n|> range(start: v.timeRangeStart, stop: v.timeRangeStop)\r\n|> filter(fn: (r) => r[\"_measurement\"] == \"ProcessedData\")  \r\n|> filter(fn: (r) => r[\"Logic\"] == \"RunStatus\")\r\n|> filter(fn: (r) => r[\"_field\"] == \"RunningStatus\" or r[\"_field\"] == \"asset_name\") \r\n|> pivot(rowKey:[\"_time\"], columnKey: [\"_field\"], valueColumn: \"_value\") \r\n|> group(columns: [\"host\", \"asset_name\"], mode:\"by\")\r\n|> sort(columns: [\"_time\"], desc: true)\r\n|> limit(n:1, offset: 0)  \r\n|> filter(fn: (r) =>  r[\"RunningStatus\"] == 1) \r\n|>group()\r\n  |> count(column: \"asset_name\")",
          "refId": "A"
        }
      ],
      "title": "Active Assets",
      "type": "stat"
    },
    {
      "datasource": {},
      "fieldConfig": {
        "defaults": {
          "color": {
            "fixedColor": "#ecebeb",
            "mode": "fixed"
          },
          "custom": {
            "align": "left",
            "displayMode": "color-background-solid",
            "filterable": true,
            "inspect": false
          },
          "mappings": [],
          "noValue": "No Data to show during this time range",
          "thresholds": {
            "mode": "absolute",
            "steps": [
              {
                "color": "green",
                "value": null
              },
              {
                "color": "red",
                "value": 80
              }
            ]
          }
        },
        "overrides": [
          {
            "matcher": {
              "id": "byName",
              "options": "deviceid"
            },
            "properties": [
              {
                "id": "custom.width",
                "value": 278
              }
            ]
          },
          {
            "matcher": {
              "id": "byName",
              "options": "Availability"
            },
            "properties": [
              {
                "id": "mappings",
                "value": [
                  {
                    "options": {
                      "0": {
                        "color": "red",
                        "index": 1,
                        "text": "Inactive"
                      },
                      "1": {
                        "color": "green",
                        "index": 0,
                        "text": "Active"
                      }
                    },
                    "type": "value"
                  }
                ]
              }
            ]
          },
          {
            "matcher": {
              "id": "byName",
              "options": "AlertGenTime"
            },
            "properties": [
              {
                "id": "displayName",
                "value": "Last Alert Time"
              },
              {
                "id": "unit",
                "value": "dateTimeAsLocalNoDateIfToday"
              }
            ]
          },
          {
            "matcher": {
              "id": "byName",
              "options": "Logic"
            },
            "properties": [
              {
                "id": "displayName",
                "value": "Alert Type"
              }
            ]
          }
        ]
      },
      "gridPos": {
        "h": 12,
        "w": 18,
        "x": 3,
        "y": 10
      },
      "id": 16,
      "options": {
        "footer": {
          "enablePagination": true,
          "fields": "",
          "reducer": [
            "sum"
          ],
          "show": false
        },
        "showHeader": true,
        "sortBy": [
          {
            "desc": true,
            "displayName": "Logic"
          }
        ]
      },
      "pluginVersion": "9.3.2",
      "targets": [
        {
          "datasource": {
            "type": "influxdb",
            "uid": "7yZTjo2Vk"
          },
          "query": "   import \"join\"\r\n  left=from(bucket: \"59830e07-71a6-4ff0-9531-1f9fc4813fe0\")\r\n     |> range(start: v.timeRangeStart, stop: v.timeRangeStop)\r\n     |> filter(fn: (r) => r[\"_measurement\"] == \"ProcessedData\")\r\n     |> filter(fn: (r) => r[\"Logic\"] == \"Warning\" or r[\"Logic\"] == \"Critical\")\r\n     |> filter(fn: (r) => r[\"_field\"] == \"asset_name\" or  r[\"_field\"] == \"AlertGenTime\" )\r\n     |> sort(columns: [\"AlertGenTime\"], desc: true)\r\n     |> pivot(rowKey:[\"_time\"], columnKey: [\"_field\"], valueColumn: \"_value\")\r\n     |> group(columns: [\"host\", \"asset_name\"], mode:\"by\")\r\n     |> keep(columns: [ \"AlertGenTime\",\"asset_name\",\"Logic\"])\r\n     |>limit(n:1)\r\n     |>group()\r\n  \r\n  right=from(bucket: \"59830e07-71a6-4ff0-9531-1f9fc4813fe0\")\r\n  |> range(start: v.timeRangeStart, stop: v.timeRangeStop)\r\n  |> filter(fn: (r) => r[\"_measurement\"] == \"ProcessedData\")  \r\n  |> filter(fn: (r) => r[\"Logic\"] == \"RunStatus\")\r\n  |> filter(fn: (r) => r[\"_field\"] == \"RunningStatus\" or r[\"_field\"] == \"asset_name\") \r\n  |> pivot(rowKey:[\"_time\"], columnKey: [\"_field\"], valueColumn: \"_value\") \r\n  |> group(columns: [\"host\", \"asset_name\"], mode:\"by\")\r\n  |> sort(columns: [\"_time\"], desc: true)\r\n  |> limit(n:1)  \r\n  |>group()\r\n\r\n  join.inner(\r\n      left: left ,\r\n      right: right,\r\n      on: (l, r) => l.asset_name == r.asset_name,\r\n      as: (l, r) => ({l with Availability: r.RunningStatus}),\r\n  )",
          "refId": "A"
        }
      ],
      "title": "Asset  Last Alert",
      "transformations": [
        {
          "id": "organize",
          "options": {
            "excludeByName": {},
            "indexByName": {
              "AlertGenTime": 2,
              "Availability": 3,
              "Logic": 1,
              "asset_name": 0
            },
            "renameByName": {
              "Availability": "",
              "asset_name": "Asset Name"
            }
          }
        }
      ],
      "type": "table"
    },
    {
      "datasource": {
        "type": "influxdb",
        "uid": "_jxy0Q1Vk"
      },
      "description": "Offline assets",
      "fieldConfig": {
        "defaults": {
          "color": {
            "mode": "thresholds"
          },
          "mappings": [],
          "noValue": "0",
          "thresholds": {
            "mode": "absolute",
            "steps": [
              {
                "color": "green",
                "value": null
              },
              {
                "color": "red",
                "value": 1
              }
            ]
          }
        },
        "overrides": []
      },
      "gridPos": {
        "h": 6,
        "w": 3,
        "x": 21,
        "y": 10
      },
      "id": 10,
      "options": {
        "colorMode": "background",
        "graphMode": "area",
        "justifyMode": "auto",
        "orientation": "auto",
        "reduceOptions": {
          "calcs": [
            "lastNotNull"
          ],
          "fields": "",
          "values": false
        },
        "textMode": "auto"
      },
      "pluginVersion": "9.3.2",
      "targets": [
        {
          "datasource": {
            "type": "influxdb",
            "uid": "7yZTjo2Vk"
          },
          "query": "from(bucket: \"59830e07-71a6-4ff0-9531-1f9fc4813fe0\")\r\n|> range(start: v.timeRangeStart, stop: v.timeRangeStop)\r\n|> filter(fn: (r) => r[\"_measurement\"] == \"ProcessedData\")  \r\n|> filter(fn: (r) => r[\"Logic\"] == \"RunStatus\")\r\n|> filter(fn: (r) => r[\"_field\"] == \"RunningStatus\" or r[\"_field\"] == \"asset_name\") \r\n|> pivot(rowKey:[\"_time\"], columnKey: [\"_field\"], valueColumn: \"_value\") \r\n|> group(columns: [\"host\", \"asset_name\"], mode:\"by\")\r\n|> sort(columns: [\"_time\"], desc: true)\r\n|> limit(n:1, offset: 0)  \r\n|> filter(fn: (r) =>  r[\"RunningStatus\"] == 0) \r\n|>group()\r\n  |> count(column: \"asset_name\")",
          "refId": "A"
        }
      ],
      "title": "Offline Assets",
      "type": "stat"
    },
    {
      "datasource": {},
      "fieldConfig": {
        "defaults": {
          "color": {
            "mode": "thresholds"
          },
          "mappings": [],
          "noValue": "0",
          "thresholds": {
            "mode": "absolute",
            "steps": [
              {
                "color": "green",
                "value": null
              },
              {
                "color": "light-yellow",
                "value": 1
              },
              {
                "color": "#EAB839",
                "value": 6
              },
              {
                "color": "light-red",
                "value": 10
              },
              {
                "color": "dark-red",
                "value": 20
              }
            ]
          }
        },
        "overrides": []
      },
      "gridPos": {
        "h": 6,
        "w": 3,
        "x": 21,
        "y": 16
      },
      "id": 8,
      "options": {
        "colorMode": "background",
        "graphMode": "area",
        "justifyMode": "auto",
        "orientation": "auto",
        "reduceOptions": {
          "calcs": [
            "lastNotNull"
          ],
          "fields": "",
          "values": false
        },
        "textMode": "auto"
      },
      "pluginVersion": "9.3.2",
      "targets": [
        {
          "datasource": {
            "type": "influxdb",
            "uid": "7yZTjo2Vk"
          },
          "query": "  from(bucket: \"59830e07-71a6-4ff0-9531-1f9fc4813fe0\")\r\n  |> range(start: v.timeRangeStart, stop: v.timeRangeStop)\r\n  |> filter(fn: (r) => r[\"_measurement\"] == \"ProcessedData\")\r\n  |> filter(fn: (r) => r[\"_field\"] == \"AlertPropertyValue\")\r\n    |>group()\r\n|>count()\r\n",
          "refId": "A"
        }
      ],
      "title": "Active Alerts",
      "type": "stat"
    }
  ],
  "schemaVersion": 37,
  "style": "dark",
  "tags": [],
  "templating": {
    "list": []
  },
  "time": {
    "from": "now-6h",
    "to": "now"
  },
  "timepicker": {},
  "timezone": "",
  "title": "Homepage",
  "uid": "Zdnyae24z",
  "version": 5,
  "weekStart": ""
}