{
  "OPC": {
    "OPC_Server": "http://10.1.45.69:39320/iotgateway/read",
    "Opc_DeviceId": "97e3d778-3d13-4177-a4be-62481061b6a6",
    "Opc_OrgId": "EYIndia",
    "Opc_AppId": "EdgePOC",
    "Device_Latitude" : "29.4734",
    "Device_Longitude" : "76.8789",
    "Device_Location" : "FVFH+9H7, Panipat, Haryana 132105",
    "sync_time": "60",
    "wait_time": "10",
    "Opc_Required_Tags":["ManufacturingSimulator.MotorA.temp","ManufacturingSimulator.MotorA.speed",
    "ManufacturingSimulator.MotorA.rms_velocity_x","ManufacturingSimulator.MotorA.rms_velocity_y",
    "ManufacturingSimulator.MotorA.rms_velocity_z","ManufacturingSimulator.MotorA.rms_Acceleration_x",
    "ManufacturingSimulator.MotorA.rms_Acceleration_y","ManufacturingSimulator.MotorA.rms_Acceleration_z",
    "ManufacturingSimulator.Motor_ConveyorBelt.rms_velocity_x", "ManufacturingSimulator.Motor_ConveyorBelt.rms_velocity_y",
    "ManufacturingSimulator.Motor_ConveyorBelt.rms_velocity_z", "ManufacturingSimulator.Motor_ConveyorBelt.winding_temp_b",
    "ManufacturingSimulator.Motor_ConveyorBelt.winding_temp_r", "ManufacturingSimulator.Motor_ConveyorBelt.winding_temp_y",
    "ManufacturingSimulator.Motor_ConveyorBelt.motor_speed", "ManufacturingSimulator.Motor_ConveyorBelt.flowrate",
    "ManufacturingSimulator.Motor_ConveyorBelt.current", "ManufacturingSimulator.Motor_ConveyorBelt.belt_speed",
    "ManufacturingSimulator.Motor_ConveyorBelt.bearing_temp", "ManufacturingSimulator.ID_Fan.bearing_temp",
    "ManufacturingSimulator.ID_Fan.current", "ManufacturingSimulator.ID_Fan.discharge_flowrate",
    "ManufacturingSimulator.ID_Fan.discharge_pressure", "ManufacturingSimulator.ID_Fan.rms_velocity_x",
    "ManufacturingSimulator.ID_Fan.rms_velocity_y", "ManufacturingSimulator.ID_Fan.rms_velocity_z",
    "ManufacturingSimulator.ID_Fan.suction_pressure", "ManufacturingSimulator.ID_Fan.winding_temp_b",
    "ManufacturingSimulator.ID_Fan.winding_temp_r", "ManufacturingSimulator.ID_Fan.winding_temp_y",
    "ManufacturingSimulator.Oil_Lubrication_Pump.bearing_temp", "ManufacturingSimulator.Oil_Lubrication_Pump.current",
    "ManufacturingSimulator.Oil_Lubrication_Pump.discharge_flowrate", "ManufacturingSimulator.Oil_Lubrication_Pump.discharge_pressure",
    "ManufacturingSimulator.Oil_Lubrication_Pump.oil_cooler_inlet_temp", "ManufacturingSimulator.Oil_Lubrication_Pump.oil_level",
    "ManufacturingSimulator.Oil_Lubrication_Pump.outlet_temperature", "ManufacturingSimulator.Oil_Lubrication_Pump.rms_velocity_x",
    "ManufacturingSimulator.Oil_Lubrication_Pump.rms_velocity_y", "ManufacturingSimulator.Oil_Lubrication_Pump.rms_velocity_z",
    "ManufacturingSimulator.Oil_Lubrication_Pump.suction_diff_press", "ManufacturingSimulator.Oil_Lubrication_Pump.suction_pressure",
    "ManufacturingSimulator.Oil_Lubrication_Pump.winding_temp_b", "ManufacturingSimulator.Oil_Lubrication_Pump.winding_temp_r",
    "ManufacturingSimulator.Oil_Lubrication_Pump.winding_temp_y"]
  },
  "Influx": {
    "Influx_db_API_token": "7Jw0Ru6p6WNXBtZZq6WsvoFBHsDF5krFmcm-LHcl5ZgbyjYv1KiKi3ddRQKW12asW_R_DnXr3sGaIcDUMIxSbw==",
    "Influx_org":"aff2212f-8e4e-45cc-874b-0fdd78307b44",
    "Influx_bucket":"59830e07-71a6-4ff0-9531-1f9fc4813fe0",
    "Influx_url": "http://influxdb:8086",
    "Influx_RawMeasure": "RawData",
    "Influx_Tag": "Kepware",
    "batch_size": "10",
    "range": "-30d",
    "sync_field": "Synced",
    "Influx_payload_ID": ["deviceid","orgid","appid","msgid","latitude","longitude","location","asset_name"],
    "Influx_ProcessMeasure" : "ProcessedData",
    "In_Warning_tag" : "Warning",
    "In_Critical_tag" : "Critical"
  },
  "Azure": {
    "AzureIotDevice_conn_str": "HostName=EY-IOT-HUB.azure-devices.net;DeviceId=97e3d778-3d13-4177-a4be-62481061b6a6;SharedAccessKey=aZm7yFBTf5JtXKE+rKKl5D/5CgXZnoyhIRtbft4RSxU=",
    "ping_url" : "www.google.com",
    "ping_port" : 80
  },
  "Log": {
    "log_level": "20",
    "log_dir": "C:\\Users\\VU292FC\\OneDrive - EY\\Desktop\\DeviceSyncWorker\\"
  },
   "Email": {
    "Email_connection_string": "endpoint=https://endpoint-email.communication.azure.com/;accesskey=dX/DutuLyMye9zUOXoDd82FwB38zCXL98dcz7t5CaSJHsJkBvWd9hLFbuQQxIre5rmHN75iOMgJz8bKLMC/y5g==",
    "Email_Sender_Domain": "DoNotReply@b2c28962-a54a-4572-b5a7-d6aa099fa22b.azurecomm.net",
    "Email_Recipients": ["edgepoc2022@gmail.com","sakshi.bole@in.ey.com"],
    "Email_Enable": "Enable"
  },
  "Threshold": {
    "Delay_Time": 5,
    "Assets": ["MotorA","Motor_ConveyorBelt","ID_Fan","Oil_Lubrication_Pump"],
    "Warning_HLimits": {
      "MotorA": {
        "ManufacturingSimulator.MotorA.temp": 50,
        "ManufacturingSimulator.MotorA.speed": 30,
        "ManufacturingSimulator.MotorA.rms_velocity_x": 11.2,
        "ManufacturingSimulator.MotorA.rms_velocity_y": 11.2 ,
        "ManufacturingSimulator.MotorA.rms_velocity_z": 11.2,
        "ManufacturingSimulator.MotorA.rms_Acceleration_x":250,
        "ManufacturingSimulator.MotorA.rms_Acceleration_y":250,
        "ManufacturingSimulator.MotorA.rms_Acceleration_z":250
      },
      "Motor_ConveyorBelt": {
        "ManufacturingSimulator.Motor_ConveyorBelt.bearing_temp": 50,
        "ManufacturingSimulator.Motor_ConveyorBelt.current": 14,
        "ManufacturingSimulator.Motor_ConveyorBelt.flowrate": 15,
        "ManufacturingSimulator.Motor_ConveyorBelt.rms_velocity_x": 11.2,
        "ManufacturingSimulator.Motor_ConveyorBelt.rms_velocity_y": 11.2 ,
        "ManufacturingSimulator.Motor_ConveyorBelt.rms_velocity_z": 11.2,
        "ManufacturingSimulator.Motor_ConveyorBelt.winding_temp_b":80,
        "ManufacturingSimulator.Motor_ConveyorBelt.winding_temp_r":80,
        "ManufacturingSimulator.Motor_ConveyorBelt.winding_temp_y":80
      },
      "ID_Fan": {
        "ManufacturingSimulator.ID_Fan.bearing_temp": 50 ,
        "ManufacturingSimulator.ID_Fan.current": 14,
        "ManufacturingSimulator.ID_Fan.rms_velocity_x": 11.2,
        "ManufacturingSimulator.ID_Fan.rms_velocity_y": 11.2,
        "ManufacturingSimulator.ID_Fan.rms_velocity_z": 11.2,
        "ManufacturingSimulator.ID_Fan.winding_temp_b": 80,
        "ManufacturingSimulator.ID_Fan.winding_temp_r": 80,
        "ManufacturingSimulator.ID_Fan.winding_temp_y": 80
      },
      "Oil_Lubrication_Pump": {
        "ManufacturingSimulator.Oil_Lubrication_Pump.bearing_temp": 50,
        "ManufacturingSimulator.Oil_Lubrication_Pump.current": 14,
        "ManufacturingSimulator.Oil_Lubrication_Pump.outlet_temperature": 40,
        "ManufacturingSimulator.Oil_Lubrication_Pump.rms_velocity_x": 11.2,
        "ManufacturingSimulator.Oil_Lubrication_Pump.rms_velocity_y": 11.2,
        "ManufacturingSimulator.Oil_Lubrication_Pump.rms_velocity_z": 11.2,
        "ManufacturingSimulator.Oil_Lubrication_Pump.suction_diff_press": 500,
        "ManufacturingSimulator.Oil_Lubrication_Pump.winding_temp_b": 80,
        "ManufacturingSimulator.Oil_Lubrication_Pump.winding_temp_r": 80,
        "ManufacturingSimulator.Oil_Lubrication_Pump.winding_temp_y": 80
      }
    },
    "Critical_HLimits": {
      "MotorA": {
        "ManufacturingSimulator.MotorA.temp": 60,
        "ManufacturingSimulator.MotorA.speed": 32,
        "ManufacturingSimulator.MotorA.rms_velocity_x": 18,
        "ManufacturingSimulator.MotorA.rms_velocity_y": 18 ,
        "ManufacturingSimulator.MotorA.rms_velocity_z": 18,
        "ManufacturingSimulator.MotorA.rms_Acceleration_x":320,
        "ManufacturingSimulator.MotorA.rms_Acceleration_y":320,
        "ManufacturingSimulator.MotorA.rms_Acceleration_z":320
      },
      "Motor_ConveyorBelt": {
        "ManufacturingSimulator.Motor_ConveyorBelt.bearing_temp": 60,
        "ManufacturingSimulator.Motor_ConveyorBelt.current": 16.5,
        "ManufacturingSimulator.Motor_ConveyorBelt.flowrate": 17,
        "ManufacturingSimulator.Motor_ConveyorBelt.rms_velocity_x": 18,
        "ManufacturingSimulator.Motor_ConveyorBelt.rms_velocity_y": 18,
        "ManufacturingSimulator.Motor_ConveyorBelt.rms_velocity_z": 18,
        "ManufacturingSimulator.Motor_ConveyorBelt.winding_temp_b":90,
        "ManufacturingSimulator.Motor_ConveyorBelt.winding_temp_r":90,
        "ManufacturingSimulator.Motor_ConveyorBelt.winding_temp_y":90
      },
      "ID_Fan": {
        "ManufacturingSimulator.ID_Fan.bearing_temp": 60,
        "ManufacturingSimulator.ID_Fan.current": 16.5,
        "ManufacturingSimulator.ID_Fan.rms_velocity_x": 18,
        "ManufacturingSimulator.ID_Fan.rms_velocity_y": 18,
        "ManufacturingSimulator.ID_Fan.rms_velocity_z": 18,
        "ManufacturingSimulator.ID_Fan.winding_temp_b": 90,
        "ManufacturingSimulator.ID_Fan.winding_temp_r": 90,
        "ManufacturingSimulator.ID_Fan.winding_temp_y": 90
      },
      "Oil_Lubrication_Pump": {
        "ManufacturingSimulator.Oil_Lubrication_Pump.bearing_temp": 60,
        "ManufacturingSimulator.Oil_Lubrication_Pump.current": 16.5,
        "ManufacturingSimulator.Oil_Lubrication_Pump.outlet_temperature": 45,
        "ManufacturingSimulator.Oil_Lubrication_Pump.rms_velocity_x": 18,
        "ManufacturingSimulator.Oil_Lubrication_Pump.rms_velocity_y": 18,
        "ManufacturingSimulator.Oil_Lubrication_Pump.rms_velocity_z": 18,
        "ManufacturingSimulator.Oil_Lubrication_Pump.suction_diff_press": 1000,
        "ManufacturingSimulator.Oil_Lubrication_Pump.winding_temp_b": 90,
        "ManufacturingSimulator.Oil_Lubrication_Pump.winding_temp_r": 90,
        "ManufacturingSimulator.Oil_Lubrication_Pump.winding_temp_y": 90
      }
    }
  }
}